100,0.0,1,0,0.0,1.0638
100,0.025,1,2,0.04,1.0638
100,0.05,1,5,0.02,1.0638
100,0.07500000000000001,1,7,0.06,1.0638
100,0.1,1,10,0.14,1.0638
100,0.125,1,11,0.18,1.0638
100,0.15000000000000002,1,14,0.14,1.0638
100,0.17500000000000002,1,16,0.16,1.0638
200,0.0,1,0,0.0,2.1277
200,0.025,1,4,0.055,2.1277
200,0.05,1,10,0.12,2.1277
200,0.07500000000000001,1,14,0.185,2.1277
200,0.1,1,19,0.245,2.1277
200,0.125,1,22,0.235,2.1277
200,0.15000000000000002,1,28,0.345,2.1277
200,0.17500000000000002,1,32,0.395,2.1277
300,0.0,1,0,0.0,3.1915
300,0.025,1,7,0.09,3.1915
300,0.05,1,14,0.16,3.1915
300,0.07500000000000001,1,20,0.2267,3.1915
300,0.1,1,27,0.2933,3.1915
300,0.125,1,32,0.36,3.1915
300,0.15000000000000002,1,38,0.45,3.1915
300,0.17500000000000002,1,41,0.4667,3.1915
400,0.0,1,0,0.0,4.2553
400,0.025,1,9,0.1075,4.2553
400,0.05,1,19,0.225,4.2553
400,0.07500000000000001,1,27,0.295,4.2553
400,0.1,1,36,0.415,4.2553
400,0.125,1,41,0.4475,4.2553
400,0.15000000000000002,1,44,0.4775,4.2553
400,0.17500000000000002,1,55,0.62,4.2553
500,0.0,1,0,0.0,5.3191
500,0.025,1,12,0.13,5.3191
500,0.05,1,21,0.236,5.3191
500,0.07500000000000001,1,29,0.332,5.3191
500,0.1,1,39,0.422,5.3191
500,0.125,1,45,0.496,5.3191
500,0.15000000000000002,1,52,0.588,5.3191
500,0.17500000000000002,1,56,0.608,5.3191
600,0.0,1,0,0.0,6.383
600,0.025,1,11,0.1283,6.383
600,0.05,1,28,0.3117,6.383
600,0.07500000000000001,1,38,0.4133,6.383
600,0.1,1,45,0.4983,6.383
600,0.125,1,51,0.5633,6.383
600,0.15000000000000002,1,59,0.6233,6.383
600,0.17500000000000002,1,66,0.72,6.383
700,0.0,1,0,0.0,7.4468
700,0.025,1,16,0.1771,7.4468
700,0.05,1,29,0.3186,7.4468
700,0.07500000000000001,1,37,0.3986,7.4468
700,0.1,1,50,0.5457,7.4468
700,0.125,1,57,0.6057,7.4468
700,0.15000000000000002,1,68,0.7371,7.4468
700,0.17500000000000002,1,68,0.7371,7.4468
800,0.0,1,0,0.0,8.5106
800,0.025,1,18,0.1912,8.5106
800,0.05,1,33,0.35,8.5106
800,0.07500000000000001,1,45,0.4838,8.5106
800,0.1,1,58,0.625,8.5106
800,0.125,1,70,0.7512,8.5106
800,0.15000000000000002,1,76,0.8162,8.5106
800,0.17500000000000002,1,79,0.8488,8.5106
900,0.0,1,0,0.0,9.5745
900,0.025,1,19,0.2033,9.5745
900,0.05,1,41,0.4333,9.5745
900,0.07500000000000001,1,46,0.4933,9.5745
900,0.1,1,62,0.66,9.5745
900,0.125,1,73,0.7822,9.5745
900,0.15000000000000002,1,74,0.7944,9.5745
900,0.17500000000000002,1,82,0.8722,9.5745
100,0.0,1,0,0.0,1.0638
100,0.025,1,2,0.02,1.0638
100,0.05,1,5,0.08,1.0638
100,0.07500000000000001,1,7,0.1,1.0638
100,0.1,1,10,0.1,1.0638
100,0.125,1,12,0.18,1.0638
100,0.15000000000000002,1,14,0.16,1.0638
100,0.17500000000000002,1,14,0.22,1.0638
200,0.0,1,0,0.0,2.1277
200,0.025,1,5,0.065,2.1277
200,0.05,1,10,0.13,2.1277
200,0.07500000000000001,1,15,0.16,2.1277
200,0.1,1,19,0.23,2.1277
200,0.125,1,23,0.285,2.1277
200,0.15000000000000002,1,27,0.35,2.1277
200,0.17500000000000002,1,32,0.355,2.1277
300,0.0,1,0,0.0,3.1915
300,0.025,1,6,0.0767,3.1915
300,0.05,1,14,0.1667,3.1915
300,0.07500000000000001,1,21,0.24,3.1915
300,0.1,1,26,0.31,3.1915
300,0.125,1,35,0.3933,3.1915
300,0.15000000000000002,1,32,0.39,3.1915
300,0.17500000000000002,1,42,0.49,3.1915
400,0.0,1,0,0.0,4.2553
400,0.025,1,9,0.11,4.2553
400,0.05,1,18,0.2075,4.2553
400,0.07500000000000001,1,26,0.2975,4.2553
400,0.1,1,35,0.3825,4.2553
400,0.125,1,38,0.415,4.2553
400,0.15000000000000002,1,42,0.465,4.2553
400,0.17500000000000002,1,51,0.5725,4.2553
500,0.0,1,0,0.0,5.3191
500,0.025,1,12,0.134,5.3191
500,0.05,1,21,0.224,5.3191
500,0.07500000000000001,1,29,0.326,5.3191
500,0.1,1,33,0.346,5.3191
500,0.125,1,47,0.542,5.3191
500,0.15000000000000002,1,50,0.544,5.3191
500,0.17500000000000002,1,60,0.676,5.3191
600,0.0,1,0,0.0,6.383
600,0.025,1,14,0.1483,6.383
600,0.05,1,26,0.2917,6.383
600,0.07500000000000001,1,36,0.405,6.383
600,0.1,1,47,0.5183,6.383
600,0.125,1,51,0.56,6.383
600,0.15000000000000002,1,60,0.6617,6.383
600,0.17500000000000002,1,64,0.6883,6.383
700,0.0,1,0,0.0,7.4468
700,0.025,1,16,0.1714,7.4468
700,0.05,1,31,0.33,7.4468
700,0.07500000000000001,1,42,0.4471,7.4468
700,0.1,1,48,0.53,7.4468
700,0.125,1,62,0.6729,7.4468
700,0.15000000000000002,1,68,0.7143,7.4468
700,0.17500000000000002,1,68,0.7286,7.4468
800,0.0,1,0,0.0,8.5106
800,0.025,1,19,0.205,8.5106
800,0.05,1,36,0.39,8.5106
800,0.07500000000000001,1,47,0.5,8.5106
800,0.1,1,62,0.675,8.5106
800,0.125,1,62,0.6788,8.5106
800,0.15000000000000002,1,69,0.7425,8.5106
800,0.17500000000000002,1,73,0.7887,8.5106
900,0.0,1,0,0.0,9.5745
900,0.025,1,18,0.1878,9.5745
900,0.05,1,37,0.3944,9.5745
900,0.07500000000000001,1,55,0.5967,9.5745
900,0.1,1,61,0.6511,9.5745
900,0.125,1,65,0.6978,9.5745
900,0.15000000000000002,1,74,0.7878,9.5745
900,0.17500000000000002,1,78,0.8433,9.5745
100,0.0,1,0,0.0,1.0638
100,0.025,1,2,0.04,1.0638
100,0.05,1,5,0.06,1.0638
100,0.07500000000000001,1,7,0.08,1.0638
100,0.1,1,10,0.12,1.0638
100,0.125,1,12,0.12,1.0638
100,0.15000000000000002,1,14,0.18,1.0638
100,0.17500000000000002,1,16,0.16,1.0638
200,0.0,1,0,0.0,2.1277
200,0.025,1,5,0.06,2.1277
200,0.05,1,10,0.115,2.1277
200,0.07500000000000001,1,14,0.155,2.1277
200,0.1,1,19,0.235,2.1277
200,0.125,1,22,0.28,2.1277
200,0.15000000000000002,1,28,0.36,2.1277
200,0.17500000000000002,1,31,0.39,2.1277
300,0.0,1,0,0.0,3.1915
300,0.025,1,7,0.0733,3.1915
300,0.05,1,15,0.19,3.1915
300,0.07500000000000001,1,21,0.2267,3.1915
300,0.1,1,23,0.2667,3.1915
300,0.125,1,33,0.3767,3.1915
300,0.15000000000000002,1,37,0.4367,3.1915
300,0.17500000000000002,1,44,0.4833,3.1915
400,0.0,1,0,0.0,4.2553
400,0.025,1,10,0.1225,4.2553
400,0.05,1,18,0.21,4.2553
400,0.07500000000000001,1,25,0.2875,4.2553
400,0.1,1,32,0.37,4.2553
400,0.125,1,43,0.4925,4.2553
400,0.15000000000000002,1,45,0.515,4.2553
400,0.17500000000000002,1,49,0.5775,4.2553
500,0.0,1,0,0.0,5.3191
500,0.025,1,12,0.134,5.3191
500,0.05,1,22,0.246,5.3191
500,0.07500000000000001,1,35,0.36,5.3191
500,0.1,1,40,0.458,5.3191
500,0.125,1,48,0.536,5.3191
500,0.15000000000000002,1,52,0.57,5.3191
500,0.17500000000000002,1,59,0.662,5.3191
600,0.0,1,0,0.0,6.383
600,0.025,1,15,0.1583,6.383
600,0.05,1,25,0.2783,6.383
600,0.07500000000000001,1,36,0.4017,6.383
600,0.1,1,49,0.535,6.383
600,0.125,1,54,0.5967,6.383
600,0.15000000000000002,1,60,0.6733,6.383
600,0.17500000000000002,1,63,0.6833,6.383
700,0.0,1,0,0.0,7.4468
700,0.025,1,16,0.17,7.4468
700,0.05,1,27,0.2957,7.4468
700,0.07500000000000001,1,40,0.4329,7.4468
700,0.1,1,53,0.5714,7.4468
700,0.125,1,59,0.6371,7.4468
700,0.15000000000000002,1,61,0.6629,7.4468
700,0.17500000000000002,1,74,0.81,7.4468
800,0.0,1,0,0.0,8.5106
800,0.025,1,19,0.21,8.5106
800,0.05,1,34,0.3638,8.5106
800,0.07500000000000001,1,44,0.4688,8.5106
800,0.1,1,59,0.6338,8.5106
800,0.125,1,63,0.68,8.5106
800,0.15000000000000002,1,72,0.7775,8.5106
800,0.17500000000000002,1,75,0.81,8.5106
900,0.0,1,0,0.0,9.5745
900,0.025,1,20,0.2089,9.5745
900,0.05,1,34,0.3656,9.5745
900,0.07500000000000001,1,52,0.5567,9.5745
900,0.1,1,60,0.6444,9.5745
900,0.125,1,69,0.74,9.5745
900,0.15000000000000002,1,73,0.7767,9.5745
900,0.17500000000000002,1,76,0.8189,9.5745
100,0.0,1,0,0.0,1.0638
100,0.025,1,2,0.02,1.0638
100,0.05,1,5,0.08,1.0638
100,0.07500000000000001,1,7,0.08,1.0638
100,0.1,1,10,0.1,1.0638
100,0.125,1,12,0.16,1.0638
100,0.15000000000000002,1,14,0.16,1.0638
100,0.17500000000000002,1,17,0.2,1.0638
200,0.0,1,0,0.0,2.1277
200,0.025,1,5,0.055,2.1277
200,0.05,1,10,0.14,2.1277
200,0.07500000000000001,1,15,0.185,2.1277
200,0.1,1,19,0.24,2.1277
200,0.125,1,24,0.275,2.1277
200,0.15000000000000002,1,27,0.29,2.1277
200,0.17500000000000002,1,34,0.39,2.1277
300,0.0,1,0,0.0,3.1915
300,0.025,1,7,0.09,3.1915
300,0.05,1,14,0.18,3.1915
300,0.07500000000000001,1,19,0.22,3.1915
300,0.1,1,27,0.3367,3.1915
300,0.125,1,32,0.3667,3.1915
300,0.15000000000000002,1,38,0.42,3.1915
300,0.17500000000000002,1,44,0.5233,3.1915
400,0.0,1,0,0.0,4.2553
400,0.025,1,10,0.12,4.2553
400,0.05,1,18,0.215,4.2553
400,0.07500000000000001,1,27,0.32,4.2553
400,0.1,1,30,0.3425,4.2553
400,0.125,1,40,0.455,4.2553
400,0.15000000000000002,1,45,0.505,4.2553
400,0.17500000000000002,1,54,0.625,4.2553
500,0.0,1,0,0.0,5.3191
500,0.025,1,11,0.12,5.3191
500,0.05,1,20,0.216,5.3191
500,0.07500000000000001,1,28,0.312,5.3191
500,0.1,1,42,0.464,5.3191
500,0.125,1,47,0.508,5.3191
500,0.15000000000000002,1,53,0.578,5.3191
500,0.17500000000000002,1,61,0.658,5.3191
600,0.0,1,0,0.0,6.383
600,0.025,1,14,0.15,6.383
600,0.05,1,28,0.3033,6.383
600,0.07500000000000001,1,40,0.4367,6.383
600,0.1,1,46,0.5033,6.383
600,0.125,1,51,0.55,6.383
600,0.15000000000000002,1,65,0.7067,6.383
600,0.17500000000000002,1,67,0.7267,6.383
700,0.0,1,0,0.0,7.4468
700,0.025,1,16,0.1771,7.4468
700,0.05,1,28,0.3,7.4468
700,0.07500000000000001,1,41,0.44,7.4468
700,0.1,1,47,0.5043,7.4468
700,0.125,1,59,0.6429,7.4468
700,0.15000000000000002,1,72,0.7786,7.4468
700,0.17500000000000002,1,70,0.7714,7.4468
800,0.0,1,0,0.0,8.5106
800,0.025,1,19,0.2037,8.5106
800,0.05,1,34,0.35,8.5106
800,0.07500000000000001,1,43,0.4662,8.5106
800,0.1,1,56,0.5962,8.5106
800,0.125,1,59,0.65,8.5106
800,0.15000000000000002,1,70,0.7538,8.5106
800,0.17500000000000002,1,80,0.8575,8.5106
900,0.0,1,0,0.0,9.5745
900,0.025,1,18,0.19,9.5745
900,0.05,1,36,0.3767,9.5745
900,0.07500000000000001,1,48,0.5167,9.5745
900,0.1,1,60,0.6533,9.5745
900,0.125,1,62,0.6722,9.5745
900,0.15000000000000002,1,72,0.7722,9.5745
900,0.17500000000000002,1,82,0.8722,9.5745
100,0.0,1,0,0.0,1.0638
100,0.025,1,2,0.02,1.0638
100,0.05,1,5,0.06,1.0638
100,0.07500000000000001,1,7,0.12,1.0638
100,0.1,1,9,0.1,1.0638
100,0.125,1,12,0.18,1.0638
100,0.15000000000000002,1,14,0.18,1.0638
100,0.17500000000000002,1,16,0.2,1.0638
200,0.0,1,0,0.0,2.1277
200,0.025,1,4,0.06,2.1277
200,0.05,1,10,0.13,2.1277
200,0.07500000000000001,1,15,0.2,2.1277
200,0.1,1,18,0.22,2.1277
200,0.125,1,23,0.275,2.1277
200,0.15000000000000002,1,27,0.32,2.1277
200,0.17500000000000002,1,32,0.38,2.1277
300,0.0,1,0,0.0,3.1915
300,0.025,1,7,0.0733,3.1915
300,0.05,1,15,0.1833,3.1915
300,0.07500000000000001,1,20,0.2433,3.1915
300,0.1,1,27,0.3167,3.1915
300,0.125,1,28,0.3333,3.1915
300,0.15000000000000002,1,40,0.45,3.1915
300,0.17500000000000002,1,45,0.51,3.1915
400,0.0,1,0,0.0,4.2553
400,0.025,1,9,0.1075,4.2553
400,0.05,1,19,0.205,4.2553
400,0.07500000000000001,1,25,0.295,4.2553
400,0.1,1,34,0.4025,4.2553
400,0.125,1,39,0.4325,4.2553
400,0.15000000000000002,1,49,0.5425,4.2553
400,0.17500000000000002,1,49,0.5775,4.2553
500,0.0,1,0,0.0,5.3191
500,0.025,1,12,0.13,5.3191
500,0.05,1,23,0.244,5.3191
500,0.07500000000000001,1,31,0.336,5.3191
500,0.1,1,42,0.474,5.3191
500,0.125,1,40,0.442,5.3191
500,0.15000000000000002,1,55,0.616,5.3191
500,0.17500000000000002,1,54,0.596,5.3191
600,0.0,1,0,0.0,6.383
600,0.025,1,14,0.1467,6.383
600,0.05,1,27,0.2833,6.383
600,0.07500000000000001,1,36,0.3783,6.383
600,0.1,1,44,0.4767,6.383
600,0.125,1,53,0.5883,6.383
600,0.15000000000000002,1,56,0.6217,6.383
600,0.17500000000000002,1,68,0.73,6.383
700,0.0,1,0,0.0,7.4468
700,0.025,1,16,0.1671,7.4468
700,0.05,1,27,0.2914,7.4468
700,0.07500000000000001,1,45,0.49,7.4468
700,0.1,1,49,0.5271,7.4468
700,0.125,1,56,0.6071,7.4468
700,0.15000000000000002,1,65,0.7,7.4468
700,0.17500000000000002,1,69,0.7429,7.4468
800,0.0,1,0,0.0,8.5106
800,0.025,1,17,0.18,8.5106
800,0.05,1,34,0.3625,8.5106
800,0.07500000000000001,1,44,0.4825,8.5106
800,0.1,1,53,0.5625,8.5106
800,0.125,1,63,0.6862,8.5106
800,0.15000000000000002,1,72,0.7725,8.5106
800,0.17500000000000002,1,77,0.83,8.5106
900,0.0,1,0,0.0,9.5745
900,0.025,1,21,0.2211,9.5745
900,0.05,1,35,0.3811,9.5745
900,0.07500000000000001,1,50,0.5467,9.5745
900,0.1,1,57,0.6056,9.5745
900,0.125,1,71,0.75,9.5745
900,0.15000000000000002,1,68,0.7311,9.5745
900,0.17500000000000002,1,81,0.8656,9.5745
100,0.0,1,0,0.0,1.0638
100,0.025,1,2,0.02,1.0638
100,0.05,1,5,0.04,1.0638
100,0.07500000000000001,1,7,0.08,1.0638
100,0.1,1,10,0.16,1.0638
100,0.125,1,12,0.16,1.0638
100,0.15000000000000002,1,15,0.2,1.0638
100,0.17500000000000002,1,16,0.22,1.0638
200,0.0,1,0,0.0,2.1277
200,0.025,1,5,0.07,2.1277
200,0.05,1,8,0.115,2.1277
200,0.07500000000000001,1,13,0.175,2.1277
200,0.1,1,19,0.205,2.1277
200,0.125,1,24,0.275,2.1277
200,0.15000000000000002,1,27,0.34,2.1277
200,0.17500000000000002,1,31,0.4,2.1277
300,0.0,1,0,0.0,3.1915
300,0.025,1,7,0.0833,3.1915
300,0.05,1,14,0.1567,3.1915
300,0.07500000000000001,1,21,0.2533,3.1915
300,0.1,1,30,0.3433,3.1915
300,0.125,1,32,0.3967,3.1915
300,0.15000000000000002,1,35,0.3833,3.1915
300,0.17500000000000002,1,43,0.5133,3.1915
400,0.0,1,0,0.0,4.2553
400,0.025,1,10,0.1225,4.2553
400,0.05,1,19,0.205,4.2553
400,0.07500000000000001,1,29,0.315,4.2553
400,0.1,1,35,0.395,4.2553
400,0.125,1,41,0.4625,4.2553
400,0.15000000000000002,1,48,0.5375,4.2553
400,0.17500000000000002,1,47,0.5375,4.2553
500,0.0,1,0,0.0,5.3191
500,0.025,1,10,0.102,5.3191
500,0.05,1,20,0.228,5.3191
500,0.07500000000000001,1,34,0.38,5.3191
500,0.1,1,42,0.478,5.3191
500,0.125,1,46,0.516,5.3191
500,0.15000000000000002,1,55,0.618,5.3191
500,0.17500000000000002,1,62,0.682,5.3191
600,0.0,1,0,0.0,6.383
600,0.025,1,12,0.1317,6.383
600,0.05,1,28,0.3117,6.383
600,0.07500000000000001,1,37,0.41,6.383
600,0.1,1,45,0.48,6.383
600,0.125,1,52,0.5583,6.383
600,0.15000000000000002,1,58,0.625,6.383
600,0.17500000000000002,1,68,0.75,6.383
700,0.0,1,0,0.0,7.4468
700,0.025,1,17,0.19,7.4468
700,0.05,1,30,0.3257,7.4468
700,0.07500000000000001,1,44,0.47,7.4468
700,0.1,1,52,0.5671,7.4468
700,0.125,1,53,0.5657,7.4468
700,0.15000000000000002,1,65,0.71,7.4468
700,0.17500000000000002,1,69,0.7414,7.4468
800,0.0,1,0,0.0,8.5106
800,0.025,1,18,0.19,8.5106
800,0.05,1,35,0.3787,8.5106
800,0.07500000000000001,1,45,0.485,8.5106
800,0.1,1,53,0.5625,8.5106
800,0.125,1,65,0.7012,8.5106
800,0.15000000000000002,1,72,0.76,8.5106
800,0.17500000000000002,1,71,0.7712,8.5106
900,0.0,1,0,0.0,9.5745
900,0.025,1,18,0.1944,9.5745
900,0.05,1,39,0.4189,9.5745
900,0.07500000000000001,1,51,0.5389,9.5745
900,0.1,1,60,0.6511,9.5745
900,0.125,1,65,0.6944,9.5745
900,0.15000000000000002,1,77,0.8311,9.5745
900,0.17500000000000002,1,72,0.7756,9.5745
100,0.0,1,0,0.0,1.0638
100,0.025,1,2,0.04,1.0638
100,0.05,1,5,0.1,1.0638
100,0.07500000000000001,1,7,0.12,1.0638
100,0.1,1,10,0.18,1.0638
100,0.125,1,11,0.14,1.0638
100,0.15000000000000002,1,15,0.2,1.0638
100,0.17500000000000002,1,15,0.22,1.0638
200,0.0,1,0,0.0,2.1277
200,0.025,1,5,0.05,2.1277
200,0.05,1,10,0.14,2.1277
200,0.07500000000000001,1,13,0.14,2.1277
200,0.1,1,20,0.205,2.1277
200,0.125,1,24,0.28,2.1277
200,0.15000000000000002,1,26,0.305,2.1277
200,0.17500000000000002,1,28,0.36,2.1277
300,0.0,1,0,0.0,3.1915
300,0.025,1,7,0.08,3.1915
300,0.05,1,14,0.1367,3.1915
300,0.07500000000000001,1,22,0.27,3.1915
300,0.1,1,27,0.3267,3.1915
300,0.125,1,31,0.3833,3.1915
300,0.15000000000000002,1,40,0.4567,3.1915
300,0.17500000000000002,1,42,0.4833,3.1915
400,0.0,1,0,0.0,4.2553
400,0.025,1,10,0.1125,4.2553
400,0.05,1,17,0.2,4.2553
400,0.07500000000000001,1,29,0.3125,4.2553
400,0.1,1,28,0.33,4.2553
400,0.125,1,37,0.415,4.2553
400,0.15000000000000002,1,46,0.4975,4.2553
400,0.17500000000000002,1,51,0.5725,4.2553
500,0.0,1,0,0.0,5.3191
500,0.025,1,10,0.104,5.3191
500,0.05,1,22,0.242,5.3191
500,0.07500000000000001,1,31,0.344,5.3191
500,0.1,1,40,0.456,5.3191
500,0.125,1,47,0.506,5.3191
500,0.15000000000000002,1,61,0.674,5.3191
500,0.17500000000000002,1,58,0.63,5.3191
600,0.0,1,0,0.0,6.383
600,0.025,1,15,0.175,6.383
600,0.05,1,25,0.2733,6.383
600,0.07500000000000001,1,38,0.4117,6.383
600,0.1,1,49,0.5133,6.383
600,0.125,1,56,0.6117,6.383
600,0.15000000000000002,1,61,0.6583,6.383
600,0.17500000000000002,1,66,0.715,6.383
700,0.0,1,0,0.0,7.4468
700,0.025,1,17,0.1829,7.4468
700,0.05,1,31,0.3271,7.4468
700,0.07500000000000001,1,40,0.4286,7.4468
700,0.1,1,48,0.5186,7.4468
700,0.125,1,60,0.6443,7.4468
700,0.15000000000000002,1,68,0.7429,7.4468
700,0.17500000000000002,1,66,0.7214,7.4468
800,0.0,1,0,0.0,8.5106
800,0.025,1,18,0.1888,8.5106
800,0.05,1,31,0.335,8.5106
800,0.07500000000000001,1,43,0.4675,8.5106
800,0.1,1,59,0.64,8.5106
800,0.125,1,68,0.7312,8.5106
800,0.15000000000000002,1,71,0.7662,8.5106
800,0.17500000000000002,1,80,0.8638,8.5106
900,0.0,1,0,0.0,9.5745
900,0.025,1,21,0.2211,9.5745
900,0.05,1,34,0.3767,9.5745
900,0.07500000000000001,1,53,0.5667,9.5745
900,0.1,1,63,0.6778,9.5745
900,0.125,1,67,0.7211,9.5745
900,0.15000000000000002,1,74,0.7944,9.5745
900,0.17500000000000002,1,79,0.8389,9.5745
100,0.0,1,0,0.0,1.0638
100,0.025,1,2,0.0,1.0638
100,0.05,1,5,0.1,1.0638
100,0.07500000000000001,1,7,0.08,1.0638
100,0.1,1,9,0.08,1.0638
100,0.125,1,12,0.22,1.0638
100,0.15000000000000002,1,13,0.16,1.0638
100,0.17500000000000002,1,15,0.18,1.0638
200,0.0,1,0,0.0,2.1277
200,0.025,1,5,0.065,2.1277
200,0.05,1,9,0.11,2.1277
200,0.07500000000000001,1,15,0.165,2.1277
200,0.1,1,20,0.245,2.1277
200,0.125,1,21,0.26,2.1277
200,0.15000000000000002,1,26,0.295,2.1277
200,0.17500000000000002,1,29,0.355,2.1277
300,0.0,1,0,0.0,3.1915
300,0.025,1,7,0.09,3.1915
300,0.05,1,15,0.1633,3.1915
300,0.07500000000000001,1,21,0.23,3.1915
300,0.1,1,26,0.29,3.1915
300,0.125,1,34,0.4167,3.1915
300,0.15000000000000002,1,39,0.4467,3.1915
300,0.17500000000000002,1,38,0.4433,3.1915
400,0.0,1,0,0.0,4.2553
400,0.025,1,10,0.105,4.2553
400,0.05,1,20,0.2425,4.2553
400,0.07500000000000001,1,28,0.3375,4.2553
400,0.1,1,35,0.3825,4.2553
400,0.125,1,39,0.4325,4.2553
400,0.15000000000000002,1,44,0.4925,4.2553
400,0.17500000000000002,1,45,0.5125,4.2553
500,0.0,1,0,0.0,5.3191
500,0.025,1,12,0.132,5.3191
500,0.05,1,23,0.248,5.3191
500,0.07500000000000001,1,30,0.344,5.3191
500,0.1,1,43,0.476,5.3191
500,0.125,1,48,0.532,5.3191
500,0.15000000000000002,1,54,0.596,5.3191
500,0.17500000000000002,1,58,0.62,5.3191
600,0.0,1,0,0.0,6.383
600,0.025,1,15,0.1583,6.383
600,0.05,1,29,0.3217,6.383
600,0.07500000000000001,1,36,0.3883,6.383
600,0.1,1,44,0.4733,6.383
600,0.125,1,62,0.6617,6.383
600,0.15000000000000002,1,64,0.6967,6.383
600,0.17500000000000002,1,73,0.79,6.383
700,0.0,1,0,0.0,7.4468
700,0.025,1,16,0.1786,7.4468
700,0.05,1,28,0.2986,7.4468
700,0.07500000000000001,1,41,0.4443,7.4468
700,0.1,1,48,0.5257,7.4468
700,0.125,1,61,0.6571,7.4468
700,0.15000000000000002,1,68,0.7214,7.4468
700,0.17500000000000002,1,71,0.7657,7.4468
800,0.0,1,0,0.0,8.5106
800,0.025,1,17,0.1912,8.5106
800,0.05,1,34,0.37,8.5106
800,0.07500000000000001,1,41,0.4375,8.5106
800,0.1,1,56,0.6225,8.5106
800,0.125,1,57,0.6275,8.5106
800,0.15000000000000002,1,72,0.7712,8.5106
800,0.17500000000000002,1,76,0.8138,8.5106
900,0.0,1,0,0.0,9.5745
900,0.025,1,20,0.2133,9.5745
900,0.05,1,38,0.41,9.5745
900,0.07500000000000001,1,53,0.5633,9.5745
900,0.1,1,58,0.6256,9.5745
900,0.125,1,66,0.7156,9.5745
900,0.15000000000000002,1,73,0.7811,9.5745
900,0.17500000000000002,1,78,0.8322,9.5745
100,0.0,1,0,0.0,1.0638
100,0.025,1,2,0.0,1.0638
100,0.05,1,5,0.08,1.0638
100,0.07500000000000001,1,7,0.06,1.0638
100,0.1,1,10,0.12,1.0638
100,0.125,1,12,0.12,1.0638
100,0.15000000000000002,1,14,0.12,1.0638
100,0.17500000000000002,1,17,0.24,1.0638
200,0.0,1,0,0.0,2.1277
200,0.025,1,5,0.075,2.1277
200,0.05,1,10,0.12,2.1277
200,0.07500000000000001,1,13,0.17,2.1277
200,0.1,1,18,0.22,2.1277
200,0.125,1,20,0.245,2.1277
200,0.15000000000000002,1,24,0.32,2.1277
200,0.17500000000000002,1,31,0.41,2.1277
300,0.0,1,0,0.0,3.1915
300,0.025,1,7,0.0933,3.1915
300,0.05,1,14,0.1367,3.1915
300,0.07500000000000001,1,21,0.2267,3.1915
300,0.1,1,28,0.3267,3.1915
300,0.125,1,33,0.3733,3.1915
300,0.15000000000000002,1,35,0.4367,3.1915
300,0.17500000000000002,1,44,0.4867,3.1915
400,0.0,1,0,0.0,4.2553
400,0.025,1,10,0.1075,4.2553
400,0.05,1,20,0.2325,4.2553
400,0.07500000000000001,1,25,0.29,4.2553
400,0.1,1,32,0.3725,4.2553
400,0.125,1,40,0.465,4.2553
400,0.15000000000000002,1,44,0.5075,4.2553
400,0.17500000000000002,1,51,0.57,4.2553
500,0.0,1,0,0.0,5.3191
500,0.025,1,11,0.128,5.3191
500,0.05,1,23,0.248,5.3191
500,0.07500000000000001,1,32,0.348,5.3191
500,0.1,1,42,0.474,5.3191
500,0.125,1,46,0.52,5.3191
500,0.15000000000000002,1,49,0.534,5.3191
500,0.17500000000000002,1,63,0.698,5.3191
600,0.0,1,0,0.0,6.383
600,0.025,1,14,0.1483,6.383
600,0.05,1,27,0.2983,6.383
600,0.07500000000000001,1,40,0.44,6.383
600,0.1,1,48,0.5167,6.383
600,0.125,1,48,0.5217,6.383
600,0.15000000000000002,1,63,0.67,6.383
600,0.17500000000000002,1,67,0.7217,6.383
700,0.0,1,0,0.0,7.4468
700,0.025,1,17,0.1786,7.4468
700,0.05,1,29,0.31,7.4468
700,0.07500000000000001,1,44,0.4729,7.4468
700,0.1,1,56,0.6029,7.4468
700,0.125,1,58,0.6129,7.4468
700,0.15000000000000002,1,65,0.6886,7.4468
700,0.17500000000000002,1,73,0.7829,7.4468
800,0.0,1,0,0.0,8.5106
800,0.025,1,19,0.2125,8.5106
800,0.05,1,33,0.3625,8.5106
800,0.07500000000000001,1,47,0.51,8.5106
800,0.1,1,52,0.5575,8.5106
800,0.125,1,63,0.68,8.5106
800,0.15000000000000002,1,72,0.78,8.5106
800,0.17500000000000002,1,79,0.8425,8.5106
900,0.0,1,0,0.0,9.5745
900,0.025,1,20,0.22,9.5745
900,0.05,1,39,0.4178,9.5745
900,0.07500000000000001,1,50,0.5467,9.5745
900,0.1,1,64,0.6811,9.5745
900,0.125,1,67,0.7189,9.5745
900,0.15000000000000002,1,73,0.78,9.5745
900,0.17500000000000002,1,78,0.84,9.5745
100,0.0,1,0,0.0,1.0638
100,0.025,1,2,0.02,1.0638
100,0.05,1,5,0.06,1.0638
100,0.07500000000000001,1,7,0.08,1.0638
100,0.1,1,10,0.12,1.0638
100,0.125,1,11,0.1,1.0638
100,0.15000000000000002,1,14,0.18,1.0638
100,0.17500000000000002,1,16,0.22,1.0638
200,0.0,1,0,0.0,2.1277
200,0.025,1,5,0.075,2.1277
200,0.05,1,10,0.125,2.1277
200,0.07500000000000001,1,11,0.15,2.1277
200,0.1,1,20,0.27,2.1277
200,0.125,1,23,0.305,2.1277
200,0.15000000000000002,1,26,0.295,2.1277
200,0.17500000000000002,1,30,0.35,2.1277
300,0.0,1,0,0.0,3.1915
300,0.025,1,7,0.0867,3.1915
300,0.05,1,15,0.1633,3.1915
300,0.07500000000000001,1,21,0.2533,3.1915
300,0.1,1,25,0.29,3.1915
300,0.125,1,31,0.34,3.1915
300,0.15000000000000002,1,35,0.4033,3.1915
300,0.17500000000000002,1,42,0.4933,3.1915
400,0.0,1,0,0.0,4.2553
400,0.025,1,10,0.115,4.2553
400,0.05,1,16,0.1775,4.2553
400,0.07500000000000001,1,28,0.3025,4.2553
400,0.1,1,35,0.4025,4.2553
400,0.125,1,38,0.435,4.2553
400,0.15000000000000002,1,42,0.48,4.2553
400,0.17500000000000002,1,60,0.6625,4.2553
500,0.0,1,0,0.0,5.3191
500,0.025,1,12,0.136,5.3191
500,0.05,1,24,0.266,5.3191
500,0.07500000000000001,1,34,0.388,5.3191
500,0.1,1,40,0.43,5.3191
500,0.125,1,47,0.528,5.3191
500,0.15000000000000002,1,50,0.562,5.3191
500,0.17500000000000002,1,58,0.636,5.3191
600,0.0,1,0,0.0,6.383
600,0.025,1,13,0.1483,6.383
600,0.05,1,29,0.3233,6.383
600,0.07500000000000001,1,36,0.3933,6.383
600,0.1,1,50,0.5517,6.383
600,0.125,1,56,0.6083,6.383
600,0.15000000000000002,1,64,0.6933,6.383
600,0.17500000000000002,1,69,0.7667,6.383
700,0.0,1,0,0.0,7.4468
700,0.025,1,16,0.1771,7.4468
700,0.05,1,32,0.3443,7.4468
700,0.07500000000000001,1,40,0.4371,7.4468
700,0.1,1,47,0.5157,7.4468
700,0.125,1,64,0.6886,7.4468
700,0.15000000000000002,1,64,0.68,7.4468
700,0.17500000000000002,1,70,0.7543,7.4468
800,0.0,1,0,0.0,8.5106
800,0.025,1,19,0.2112,8.5106
800,0.05,1,36,0.3838,8.5106
800,0.07500000000000001,1,48,0.5075,8.5106
800,0.1,1,54,0.575,8.5106
800,0.125,1,62,0.66,8.5106
800,0.15000000000000002,1,63,0.6862,8.5106
800,0.17500000000000002,1,72,0.7875,8.5106
900,0.0,1,0,0.0,9.5745
900,0.025,1,20,0.2189,9.5745
900,0.05,1,37,0.3933,9.5745
900,0.07500000000000001,1,47,0.5111,9.5745
900,0.1,1,58,0.6189,9.5745
900,0.125,1,61,0.66,9.5745
900,0.15000000000000002,1,74,0.79,9.5745
900,0.17500000000000002,1,83,0.8922,9.5745
100,0.0,2,0,0.0,2.1277
100,0.025,2,4,0.0,2.1277
100,0.05,2,10,0.0,2.1277
100,0.07500000000000001,2,13,0.0,2.1277
100,0.1,2,20,0.02,2.1277
100,0.125,2,22,0.0,2.1277
100,0.15000000000000002,2,27,0.0,2.1277
100,0.17500000000000002,2,29,0.02,2.1277
200,0.0,2,0,0.0,4.2553
200,0.025,2,10,0.01,4.2553
200,0.05,2,19,0.02,4.2553
200,0.07500000000000001,2,27,0.105,4.2553
200,0.1,2,34,0.11,4.2553
200,0.125,2,41,0.135,4.2553
200,0.15000000000000002,2,47,0.34,4.2553
200,0.17500000000000002,2,53,0.37,4.2553
300,0.0,2,0,0.0,6.383
300,0.025,2,13,0.0067,6.383
300,0.05,2,24,0.07,6.383
300,0.07500000000000001,2,35,0.14,6.383
300,0.1,2,47,0.2667,6.383
300,0.125,2,55,0.3867,6.383
300,0.15000000000000002,2,57,0.4067,6.383
300,0.17500000000000002,2,69,0.5733,6.383
400,0.0,2,0,0.0,8.5106
400,0.025,2,16,0.0475,8.5106
400,0.05,2,33,0.16,8.5106
400,0.07500000000000001,2,46,0.2825,8.5106
400,0.1,2,58,0.405,8.5106
400,0.125,2,66,0.525,8.5106
400,0.15000000000000002,2,69,0.55,8.5106
400,0.17500000000000002,2,76,0.67,8.5106
500,0.0,2,0,0.0,10.6383
500,0.025,2,22,0.054,10.6383
500,0.05,2,43,0.232,10.6383
500,0.07500000000000001,2,53,0.33,10.6383
500,0.1,2,63,0.462,10.6383
500,0.125,2,69,0.544,10.6383
500,0.15000000000000002,2,83,0.774,10.6383
500,0.17500000000000002,2,77,0.68,10.6383
600,0.0,2,0,0.0,12.766
600,0.025,2,25,0.0783,12.766
600,0.05,2,47,0.245,12.766
600,0.07500000000000001,2,58,0.3967,12.766
600,0.1,2,67,0.505,12.766
600,0.125,2,79,0.6983,12.766
600,0.15000000000000002,2,87,0.8583,12.766
600,0.17500000000000002,2,86,0.8333,12.766
700,0.0,2,0,0.0,14.8936
700,0.025,2,26,0.0829,14.8936
700,0.05,2,44,0.2386,14.8936
700,0.07500000000000001,2,62,0.4243,14.8936
700,0.1,2,71,0.5971,14.8936
700,0.125,2,82,0.7786,14.8936
700,0.15000000000000002,2,88,0.8814,14.8936
700,0.17500000000000002,2,88,0.8743,14.8936
800,0.0,2,0,0.0,17.0213
800,0.025,2,32,0.1275,17.0213
800,0.05,2,54,0.3538,17.0213
800,0.07500000000000001,2,67,0.5387,17.0213
800,0.1,2,73,0.6312,17.0213
800,0.125,2,86,0.8425,17.0213
800,0.15000000000000002,2,86,0.83,17.0213
800,0.17500000000000002,2,91,0.935,17.0213
900,0.0,2,0,0.0,19.1489
900,0.025,2,40,0.1867,19.1489
900,0.05,2,59,0.3878,19.1489
900,0.07500000000000001,2,73,0.6133,19.1489
900,0.1,2,83,0.7956,19.1489
900,0.125,2,85,0.8389,19.1489
900,0.15000000000000002,2,90,0.9267,19.1489
900,0.17500000000000002,2,90,0.9278,19.1489
100,0.0,2,0,0.0,2.1277
100,0.025,2,4,0.0,2.1277
100,0.05,2,9,0.02,2.1277
100,0.07500000000000001,2,12,0.0,2.1277
100,0.1,2,17,0.04,2.1277
100,0.125,2,23,0.0,2.1277
100,0.15000000000000002,2,28,0.0,2.1277
100,0.17500000000000002,2,30,0.0,2.1277
200,0.0,2,0,0.0,4.2553
200,0.025,2,10,0.0,4.2553
200,0.05,2,18,0.0,4.2553
200,0.07500000000000001,2,26,0.01,4.2553
200,0.1,2,30,0.13,4.2553
200,0.125,2,43,0.28,4.2553
200,0.15000000000000002,2,50,0.275,4.2553
200,0.17500000000000002,2,49,0.255,4.2553
300,0.0,2,0,0.0,6.383
300,0.025,2,14,0.0067,6.383
300,0.05,2,26,0.0767,6.383
300,0.07500000000000001,2,33,0.1567,6.383
300,0.1,2,43,0.2633,6.383
300,0.125,2,54,0.37,6.383
300,0.15000000000000002,2,59,0.4633,6.383
300,0.17500000000000002,2,65,0.5,6.383
400,0.0,2,0,0.0,8.5106
400,0.025,2,19,0.05,8.5106
400,0.05,2,36,0.185,8.5106
400,0.07500000000000001,2,46,0.245,8.5106
400,0.1,2,58,0.38,8.5106
400,0.125,2,65,0.51,8.5106
400,0.15000000000000002,2,71,0.595,8.5106
400,0.17500000000000002,2,75,0.6425,8.5106
500,0.0,2,0,0.0,10.6383
500,0.025,2,22,0.064,10.6383
500,0.05,2,42,0.206,10.6383
500,0.07500000000000001,2,49,0.294,10.6383
500,0.1,2,63,0.47,10.6383
500,0.125,2,70,0.554,10.6383
500,0.15000000000000002,2,74,0.642,10.6383
500,0.17500000000000002,2,80,0.718,10.6383
600,0.0,2,0,0.0,12.766
600,0.025,2,25,0.0817,12.766
600,0.05,2,46,0.2533,12.766
600,0.07500000000000001,2,58,0.3733,12.766
600,0.1,2,71,0.58,12.766
600,0.125,2,80,0.7217,12.766
600,0.15000000000000002,2,85,0.8267,12.766
600,0.17500000000000002,2,85,0.825,12.766
700,0.0,2,0,0.0,14.8936
700,0.025,2,31,0.1171,14.8936
700,0.05,2,47,0.2614,14.8936
700,0.07500000000000001,2,68,0.5229,14.8936
700,0.1,2,69,0.5571,14.8936
700,0.125,2,81,0.7486,14.8936
700,0.15000000000000002,2,87,0.8557,14.8936
700,0.17500000000000002,2,90,0.9157,14.8936
800,0.0,2,0,0.0,17.0213
800,0.025,2,33,0.1288,17.0213
800,0.05,2,51,0.32,17.0213
800,0.07500000000000001,2,65,0.4812,17.0213
800,0.1,2,77,0.6862,17.0213
800,0.125,2,85,0.8362,17.0213
800,0.15000000000000002,2,91,0.9325,17.0213
800,0.17500000000000002,2,93,0.9812,17.0213
900,0.0,2,0,0.0,19.1489
900,0.025,2,39,0.1889,19.1489
900,0.05,2,59,0.4067,19.1489
900,0.07500000000000001,2,79,0.7233,19.1489
900,0.1,2,81,0.7544,19.1489
900,0.125,2,88,0.8756,19.1489
900,0.15000000000000002,2,93,0.9811,19.1489
900,0.17500000000000002,2,93,0.9778,19.1489
100,0.0,2,0,0.0,2.1277
100,0.025,2,4,0.0,2.1277
100,0.05,2,10,0.0,2.1277
100,0.07500000000000001,2,13,0.0,2.1277
100,0.1,2,19,0.0,2.1277
100,0.125,2,23,0.0,2.1277
100,0.15000000000000002,2,29,0.0,2.1277
100,0.17500000000000002,2,28,0.0,2.1277
200,0.0,2,0,0.0,4.2553
200,0.025,2,10,0.0,4.2553
200,0.05,2,17,0.085,4.2553
200,0.07500000000000001,2,28,0.0,4.2553
200,0.1,2,36,0.16,4.2553
200,0.125,2,47,0.29,4.2553
200,0.15000000000000002,2,46,0.26,4.2553
200,0.17500000000000002,2,54,0.355,4.2553
300,0.0,2,0,0.0,6.383
300,0.025,2,14,0.0067,6.383
300,0.05,2,23,0.1167,6.383
300,0.07500000000000001,2,31,0.12,6.383
300,0.1,2,47,0.3167,6.383
300,0.125,2,57,0.4033,6.383
300,0.15000000000000002,2,58,0.4433,6.383
300,0.17500000000000002,2,64,0.4833,6.383
400,0.0,2,0,0.0,8.5106
400,0.025,2,20,0.0675,8.5106
400,0.05,2,34,0.14,8.5106
400,0.07500000000000001,2,47,0.2725,8.5106
400,0.1,2,56,0.38,8.5106
400,0.125,2,66,0.51,8.5106
400,0.15000000000000002,2,69,0.5625,8.5106
400,0.17500000000000002,2,75,0.665,8.5106
500,0.0,2,0,0.0,10.6383
500,0.025,2,22,0.058,10.6383
500,0.05,2,40,0.194,10.6383
500,0.07500000000000001,2,54,0.344,10.6383
500,0.1,2,62,0.448,10.6383
500,0.125,2,66,0.522,10.6383
500,0.15000000000000002,2,78,0.686,10.6383
500,0.17500000000000002,2,82,0.76,10.6383
600,0.0,2,0,0.0,12.766
600,0.025,2,28,0.1067,12.766
600,0.05,2,42,0.235,12.766
600,0.07500000000000001,2,56,0.3617,12.766
600,0.1,2,71,0.5733,12.766
600,0.125,2,75,0.655,12.766
600,0.15000000000000002,2,81,0.75,12.766
600,0.17500000000000002,2,90,0.915,12.766
700,0.0,2,0,0.0,14.8936
700,0.025,2,29,0.0943,14.8936
700,0.05,2,47,0.25,14.8936
700,0.07500000000000001,2,61,0.4257,14.8936
700,0.1,2,78,0.69,14.8936
700,0.125,2,84,0.8,14.8936
700,0.15000000000000002,2,88,0.8843,14.8936
700,0.17500000000000002,2,89,0.9,14.8936
800,0.0,2,0,0.0,17.0213
800,0.025,2,34,0.14,17.0213
800,0.05,2,52,0.335,17.0213
800,0.07500000000000001,2,70,0.5625,17.0213
800,0.1,2,75,0.65,17.0213
800,0.125,2,84,0.8012,17.0213
800,0.15000000000000002,2,89,0.905,17.0213
800,0.17500000000000002,2,91,0.935,17.0213
900,0.0,2,0,0.0,19.1489
900,0.025,2,36,0.1567,19.1489
900,0.05,2,61,0.4356,19.1489
900,0.07500000000000001,2,74,0.6233,19.1489
900,0.1,2,82,0.76,19.1489
900,0.125,2,88,0.8778,19.1489
900,0.15000000000000002,2,89,0.91,19.1489
900,0.17500000000000002,2,93,0.98,19.1489
100,0.0,2,0,0.0,2.1277
100,0.025,2,4,0.0,2.1277
100,0.05,2,10,0.0,2.1277
100,0.07500000000000001,2,14,0.0,2.1277
100,0.1,2,20,0.0,2.1277
100,0.125,2,21,0.0,2.1277
100,0.15000000000000002,2,29,0.0,2.1277
100,0.17500000000000002,2,31,0.0,2.1277
200,0.0,2,0,0.0,4.2553
200,0.025,2,10,0.0,4.2553
200,0.05,2,18,0.02,4.2553
200,0.07500000000000001,2,27,0.03,4.2553
200,0.1,2,33,0.115,4.2553
200,0.125,2,42,0.165,4.2553
200,0.15000000000000002,2,46,0.28,4.2553
200,0.17500000000000002,2,52,0.35,4.2553
300,0.0,2,0,0.0,6.383
300,0.025,2,13,0.0,6.383
300,0.05,2,27,0.1033,6.383
300,0.07500000000000001,2,36,0.18,6.383
300,0.1,2,47,0.2933,6.383
300,0.125,2,53,0.3433,6.383
300,0.15000000000000002,2,59,0.4367,6.383
300,0.17500000000000002,2,62,0.4467,6.383
400,0.0,2,0,0.0,8.5106
400,0.025,2,19,0.07,8.5106
400,0.05,2,35,0.1625,8.5106
400,0.07500000000000001,2,46,0.2475,8.5106
400,0.1,2,56,0.37,8.5106
400,0.125,2,66,0.495,8.5106
400,0.15000000000000002,2,62,0.465,8.5106
400,0.17500000000000002,2,73,0.6175,8.5106
500,0.0,2,0,0.0,10.6383
500,0.025,2,23,0.074,10.6383
500,0.05,2,38,0.192,10.6383
500,0.07500000000000001,2,55,0.364,10.6383
500,0.1,2,59,0.412,10.6383
500,0.125,2,74,0.634,10.6383
500,0.15000000000000002,2,77,0.684,10.6383
500,0.17500000000000002,2,83,0.772,10.6383
600,0.0,2,0,0.0,12.766
600,0.025,2,25,0.0833,12.766
600,0.05,2,47,0.27,12.766
600,0.07500000000000001,2,62,0.435,12.766
600,0.1,2,76,0.6417,12.766
600,0.125,2,78,0.6933,12.766
600,0.15000000000000002,2,83,0.7867,12.766
600,0.17500000000000002,2,88,0.8767,12.766
700,0.0,2,0,0.0,14.8936
700,0.025,2,29,0.1057,14.8936
700,0.05,2,49,0.2829,14.8936
700,0.07500000000000001,2,62,0.4171,14.8936
700,0.1,2,75,0.6529,14.8936
700,0.125,2,81,0.7386,14.8936
700,0.15000000000000002,2,85,0.81,14.8936
700,0.17500000000000002,2,88,0.8757,14.8936
800,0.0,2,0,0.0,17.0213
800,0.025,2,34,0.1475,17.0213
800,0.05,2,56,0.3688,17.0213
800,0.07500000000000001,2,74,0.6175,17.0213
800,0.1,2,85,0.8162,17.0213
800,0.125,2,85,0.8125,17.0213
800,0.15000000000000002,2,88,0.88,17.0213
800,0.17500000000000002,2,92,0.9688,17.0213
900,0.0,2,0,0.0,19.1489
900,0.025,2,38,0.1756,19.1489
900,0.05,2,61,0.4322,19.1489
900,0.07500000000000001,2,67,0.5111,19.1489
900,0.1,2,86,0.8333,19.1489
900,0.125,2,84,0.8022,19.1489
900,0.15000000000000002,2,88,0.8711,19.1489
900,0.17500000000000002,2,92,0.9667,19.1489
100,0.0,2,0,0.0,2.1277
100,0.025,2,4,0.0,2.1277
100,0.05,2,10,0.02,2.1277
100,0.07500000000000001,2,14,0.0,2.1277
100,0.1,2,19,0.02,2.1277
100,0.125,2,23,0.0,2.1277
100,0.15000000000000002,2,28,0.0,2.1277
100,0.17500000000000002,2,30,0.0,2.1277
200,0.0,2,0,0.0,4.2553
200,0.025,2,10,0.01,4.2553
200,0.05,2,19,0.06,4.2553
200,0.07500000000000001,2,24,0.09,4.2553
200,0.1,2,34,0.155,4.2553
200,0.125,2,43,0.18,4.2553
200,0.15000000000000002,2,46,0.305,4.2553
200,0.17500000000000002,2,52,0.355,4.2553
300,0.0,2,0,0.0,6.383
300,0.025,2,14,0.0,6.383
300,0.05,2,27,0.0133,6.383
300,0.07500000000000001,2,34,0.1733,6.383
300,0.1,2,46,0.27,6.383
300,0.125,2,59,0.4367,6.383
300,0.15000000000000002,2,59,0.44,6.383
300,0.17500000000000002,2,69,0.6033,6.383
400,0.0,2,0,0.0,8.5106
400,0.025,2,19,0.04,8.5106
400,0.05,2,37,0.18,8.5106
400,0.07500000000000001,2,41,0.225,8.5106
400,0.1,2,57,0.37,8.5106
400,0.125,2,64,0.5175,8.5106
400,0.15000000000000002,2,72,0.6075,8.5106
400,0.17500000000000002,2,76,0.68,8.5106
500,0.0,2,0,0.0,10.6383
500,0.025,2,17,0.054,10.6383
500,0.05,2,39,0.174,10.6383
500,0.07500000000000001,2,54,0.36,10.6383
500,0.1,2,62,0.454,10.6383
500,0.125,2,71,0.582,10.6383
500,0.15000000000000002,2,76,0.67,10.6383
500,0.17500000000000002,2,82,0.766,10.6383
600,0.0,2,0,0.0,12.766
600,0.025,2,26,0.0883,12.766
600,0.05,2,47,0.2667,12.766
600,0.07500000000000001,2,63,0.4533,12.766
600,0.1,2,72,0.5967,12.766
600,0.125,2,78,0.6933,12.766
600,0.15000000000000002,2,84,0.8067,12.766
600,0.17500000000000002,2,88,0.8783,12.766
700,0.0,2,0,0.0,14.8936
700,0.025,2,28,0.1114,14.8936
700,0.05,2,52,0.2986,14.8936
700,0.07500000000000001,2,59,0.3943,14.8936
700,0.1,2,78,0.7,14.8936
700,0.125,2,78,0.6943,14.8936
700,0.15000000000000002,2,88,0.8786,14.8936
700,0.17500000000000002,2,88,0.8729,14.8936
800,0.0,2,0,0.0,17.0213
800,0.025,2,31,0.115,17.0213
800,0.05,2,55,0.3525,17.0213
800,0.07500000000000001,2,74,0.6238,17.0213
800,0.1,2,78,0.7025,17.0213
800,0.125,2,84,0.795,17.0213
800,0.15000000000000002,2,89,0.8912,17.0213
800,0.17500000000000002,2,91,0.9475,17.0213
900,0.0,2,0,0.0,19.1489
900,0.025,2,38,0.1633,19.1489
900,0.05,2,59,0.3933,19.1489
900,0.07500000000000001,2,76,0.6589,19.1489
900,0.1,2,80,0.7244,19.1489
900,0.125,2,87,0.8611,19.1489
900,0.15000000000000002,2,89,0.9011,19.1489
900,0.17500000000000002,2,92,0.9567,19.1489
100,0.0,2,0,0.0,2.1277
100,0.025,2,4,0.0,2.1277
100,0.05,2,10,0.0,2.1277
100,0.07500000000000001,2,13,0.0,2.1277
100,0.1,2,19,0.0,2.1277
100,0.125,2,20,0.0,2.1277
100,0.15000000000000002,2,26,0.0,2.1277
100,0.17500000000000002,2,30,0.0,2.1277
200,0.0,2,0,0.0,4.2553
200,0.025,2,10,0.0,4.2553
200,0.05,2,18,0.015,4.2553
200,0.07500000000000001,2,26,0.055,4.2553
200,0.1,2,31,0.125,4.2553
200,0.125,2,37,0.16,4.2553
200,0.15000000000000002,2,45,0.295,4.2553
200,0.17500000000000002,2,50,0.26,4.2553
300,0.0,2,0,0.0,6.383
300,0.025,2,14,0.0067,6.383
300,0.05,2,27,0.0867,6.383
300,0.07500000000000001,2,38,0.18,6.383
300,0.1,2,48,0.29,6.383
300,0.125,2,56,0.3867,6.383
300,0.15000000000000002,2,63,0.4933,6.383
300,0.17500000000000002,2,70,0.61,6.383
400,0.0,2,0,0.0,8.5106
400,0.025,2,18,0.04,8.5106
400,0.05,2,33,0.165,8.5106
400,0.07500000000000001,2,45,0.28,8.5106
400,0.1,2,55,0.3725,8.5106
400,0.125,2,62,0.475,8.5106
400,0.15000000000000002,2,74,0.6275,8.5106
400,0.17500000000000002,2,76,0.6525,8.5106
500,0.0,2,0,0.0,10.6383
500,0.025,2,22,0.06,10.6383
500,0.05,2,40,0.198,10.6383
500,0.07500000000000001,2,51,0.342,10.6383
500,0.1,2,64,0.468,10.6383
500,0.125,2,66,0.522,10.6383
500,0.15000000000000002,2,79,0.72,10.6383
500,0.17500000000000002,2,80,0.74,10.6383
600,0.0,2,0,0.0,12.766
600,0.025,2,29,0.0983,12.766
600,0.05,2,44,0.2117,12.766
600,0.07500000000000001,2,64,0.4717,12.766
600,0.1,2,74,0.63,12.766
600,0.125,2,76,0.64,12.766
600,0.15000000000000002,2,81,0.7517,12.766
600,0.17500000000000002,2,83,0.7833,12.766
700,0.0,2,0,0.0,14.8936
700,0.025,2,27,0.0886,14.8936
700,0.05,2,46,0.2586,14.8936
700,0.07500000000000001,2,64,0.4586,14.8936
700,0.1,2,77,0.6657,14.8936
700,0.125,2,80,0.7229,14.8936
700,0.15000000000000002,2,84,0.7971,14.8936
700,0.17500000000000002,2,85,0.8257,14.8936
800,0.0,2,0,0.0,17.0213
800,0.025,2,37,0.1625,17.0213
800,0.05,2,52,0.335,17.0213
800,0.07500000000000001,2,64,0.4988,17.0213
800,0.1,2,73,0.6375,17.0213
800,0.125,2,84,0.8025,17.0213
800,0.15000000000000002,2,86,0.8438,17.0213
800,0.17500000000000002,2,91,0.94,17.0213
900,0.0,2,0,0.0,19.1489
900,0.025,2,35,0.15,19.1489
900,0.05,2,60,0.4189,19.1489
900,0.07500000000000001,2,74,0.6411,19.1489
900,0.1,2,80,0.7289,19.1489
900,0.125,2,81,0.7578,19.1489
900,0.15000000000000002,2,93,0.9778,19.1489
900,0.17500000000000002,2,92,0.96,19.1489
100,0.0,2,0,0.0,2.1277
100,0.025,2,4,0.0,2.1277
100,0.05,2,10,0.0,2.1277
100,0.07500000000000001,2,13,0.0,2.1277
100,0.1,2,17,0.0,2.1277
100,0.125,2,23,0.0,2.1277
100,0.15000000000000002,2,27,0.04,2.1277
100,0.17500000000000002,2,30,0.09,2.1277
200,0.0,2,0,0.0,4.2553
200,0.025,2,9,0.0,4.2553
200,0.05,2,16,0.025,4.2553
200,0.07500000000000001,2,26,0.11,4.2553
200,0.1,2,33,0.06,4.2553
200,0.125,2,44,0.225,4.2553
200,0.15000000000000002,2,48,0.3,4.2553
200,0.17500000000000002,2,50,0.34,4.2553
300,0.0,2,0,0.0,6.383
300,0.025,2,14,0.0233,6.383
300,0.05,2,27,0.0867,6.383
300,0.07500000000000001,2,34,0.1533,6.383
300,0.1,2,46,0.2567,6.383
300,0.125,2,54,0.36,6.383
300,0.15000000000000002,2,61,0.4833,6.383
300,0.17500000000000002,2,69,0.55,6.383
400,0.0,2,0,0.0,8.5106
400,0.025,2,17,0.0475,8.5106
400,0.05,2,32,0.1325,8.5106
400,0.07500000000000001,2,46,0.2775,8.5106
400,0.1,2,61,0.4475,8.5106
400,0.125,2,65,0.515,8.5106
400,0.15000000000000002,2,71,0.605,8.5106
400,0.17500000000000002,2,79,0.715,8.5106
500,0.0,2,0,0.0,10.6383
500,0.025,2,23,0.078,10.6383
500,0.05,2,41,0.204,10.6383
500,0.07500000000000001,2,48,0.288,10.6383
500,0.1,2,65,0.482,10.6383
500,0.125,2,72,0.592,10.6383
500,0.15000000000000002,2,78,0.698,10.6383
500,0.17500000000000002,2,77,0.694,10.6383
600,0.0,2,0,0.0,12.766
600,0.025,2,29,0.095,12.766
600,0.05,2,46,0.245,12.766
600,0.07500000000000001,2,56,0.3667,12.766
600,0.1,2,67,0.515,12.766
600,0.125,2,72,0.6117,12.766
600,0.15000000000000002,2,84,0.7883,12.766
600,0.17500000000000002,2,87,0.865,12.766
700,0.0,2,0,0.0,14.8936
700,0.025,2,29,0.1086,14.8936
700,0.05,2,50,0.2886,14.8936
700,0.07500000000000001,2,65,0.4957,14.8936
700,0.1,2,76,0.6643,14.8936
700,0.125,2,83,0.78,14.8936
700,0.15000000000000002,2,84,0.7986,14.8936
700,0.17500000000000002,2,87,0.8543,14.8936
800,0.0,2,0,0.0,17.0213
800,0.025,2,34,0.1338,17.0213
800,0.05,2,51,0.315,17.0213
800,0.07500000000000001,2,63,0.4612,17.0213
800,0.1,2,75,0.6575,17.0213
800,0.125,2,82,0.7512,17.0213
800,0.15000000000000002,2,88,0.875,17.0213
800,0.17500000000000002,2,91,0.935,17.0213
900,0.0,2,0,0.0,19.1489
900,0.025,2,35,0.1567,19.1489
900,0.05,2,56,0.3656,19.1489
900,0.07500000000000001,2,73,0.61,19.1489
900,0.1,2,81,0.7578,19.1489
900,0.125,2,86,0.83,19.1489
900,0.15000000000000002,2,89,0.9111,19.1489
900,0.17500000000000002,2,90,0.9256,19.1489
100,0.0,2,0,0.0,2.1277
100,0.025,2,4,0.02,2.1277
100,0.05,2,10,0.0,2.1277
100,0.07500000000000001,2,14,0.02,2.1277
100,0.1,2,18,0.03,2.1277
100,0.125,2,20,0.0,2.1277
100,0.15000000000000002,2,28,0.0,2.1277
100,0.17500000000000002,2,31,0.02,2.1277
200,0.0,2,0,0.0,4.2553
200,0.025,2,10,0.015,4.2553
200,0.05,2,17,0.025,4.2553
200,0.07500000000000001,2,26,0.03,4.2553
200,0.1,2,32,0.175,4.2553
200,0.125,2,40,0.19,4.2553
200,0.15000000000000002,2,45,0.245,4.2553
200,0.17500000000000002,2,53,0.43,4.2553
300,0.0,2,0,0.0,6.383
300,0.025,2,13,0.0,6.383
300,0.05,2,27,0.1233,6.383
300,0.07500000000000001,2,37,0.1933,6.383
300,0.1,2,47,0.27,6.383
300,0.125,2,56,0.37,6.383
300,0.15000000000000002,2,59,0.4267,6.383
300,0.17500000000000002,2,69,0.5767,6.383
400,0.0,2,0,0.0,8.5106
400,0.025,2,20,0.05,8.5106
400,0.05,2,35,0.1475,8.5106
400,0.07500000000000001,2,47,0.3,8.5106
400,0.1,2,56,0.38,8.5106
400,0.125,2,63,0.4625,8.5106
400,0.15000000000000002,2,70,0.5525,8.5106
400,0.17500000000000002,2,81,0.7775,8.5106
500,0.0,2,0,0.0,10.6383
500,0.025,2,24,0.088,10.6383
500,0.05,2,41,0.208,10.6383
500,0.07500000000000001,2,53,0.312,10.6383
500,0.1,2,67,0.524,10.6383
500,0.125,2,73,0.602,10.6383
500,0.15000000000000002,2,72,0.62,10.6383
500,0.17500000000000002,2,80,0.73,10.6383
600,0.0,2,0,0.0,12.766
600,0.025,2,25,0.0617,12.766
600,0.05,2,48,0.26,12.766
600,0.07500000000000001,2,57,0.3767,12.766
600,0.1,2,69,0.5433,12.766
600,0.125,2,77,0.6767,12.766
600,0.15000000000000002,2,83,0.7867,12.766
600,0.17500000000000002,2,81,0.7533,12.766
700,0.0,2,0,0.0,14.8936
700,0.025,2,31,0.1071,14.8936
700,0.05,2,54,0.3343,14.8936
700,0.07500000000000001,2,64,0.4757,14.8936
700,0.1,2,80,0.7171,14.8936
700,0.125,2,83,0.7757,14.8936
700,0.15000000000000002,2,88,0.8757,14.8936
700,0.17500000000000002,2,86,0.8386,14.8936
800,0.0,2,0,0.0,17.0213
800,0.025,2,31,0.12,17.0213
800,0.05,2,51,0.3175,17.0213
800,0.07500000000000001,2,71,0.5762,17.0213
800,0.1,2,75,0.6412,17.0213
800,0.125,2,89,0.9062,17.0213
800,0.15000000000000002,2,87,0.8775,17.0213
800,0.17500000000000002,2,89,0.9012,17.0213
900,0.0,2,0,0.0,19.1489
900,0.025,2,35,0.1522,19.1489
900,0.05,2,57,0.3733,19.1489
900,0.07500000000000001,2,72,0.5878,19.1489
900,0.1,2,81,0.7644,19.1489
900,0.125,2,88,0.88,19.1489
900,0.15000000000000002,2,87,0.8667,19.1489
900,0.17500000000000002,2,93,0.9778,19.1489
100,0.0,2,0,0.0,2.1277
100,0.025,2,4,0.0,2.1277
100,0.05,2,10,0.0,2.1277
100,0.07500000000000001,2,14,0.0,2.1277
100,0.1,2,17,0.0,2.1277
100,0.125,2,22,0.0,2.1277
100,0.15000000000000002,2,25,0.0,2.1277
100,0.17500000000000002,2,27,0.02,2.1277
200,0.0,2,0,0.0,4.2553
200,0.025,2,10,0.04,4.2553
200,0.05,2,16,0.0,4.2553
200,0.07500000000000001,2,28,0.1,4.2553
200,0.1,2,33,0.135,4.2553
200,0.125,2,41,0.265,4.2553
200,0.15000000000000002,2,47,0.29,4.2553
200,0.17500000000000002,2,51,0.3,4.2553
300,0.0,2,0,0.0,6.383
300,0.025,2,13,0.0067,6.383
300,0.05,2,25,0.02,6.383
300,0.07500000000000001,2,39,0.2233,6.383
300,0.1,2,44,0.2433,6.383
300,0.125,2,54,0.3467,6.383
300,0.15000000000000002,2,62,0.4733,6.383
300,0.17500000000000002,2,69,0.5933,6.383
400,0.0,2,0,0.0,8.5106
400,0.025,2,18,0.035,8.5106
400,0.05,2,31,0.14,8.5106
400,0.07500000000000001,2,48,0.2925,8.5106
400,0.1,2,50,0.31,8.5106
400,0.125,2,68,0.565,8.5106
400,0.15000000000000002,2,75,0.665,8.5106
400,0.17500000000000002,2,75,0.65,8.5106
500,0.0,2,0,0.0,10.6383
500,0.025,2,21,0.042,10.6383
500,0.05,2,41,0.212,10.6383
500,0.07500000000000001,2,50,0.298,10.6383
500,0.1,2,64,0.466,10.6383
500,0.125,2,73,0.618,10.6383
500,0.15000000000000002,2,79,0.716,10.6383
500,0.17500000000000002,2,85,0.822,10.6383
600,0.0,2,0,0.0,12.766
600,0.025,2,27,0.1083,12.766
600,0.05,2,44,0.2333,12.766
600,0.07500000000000001,2,61,0.445,12.766
600,0.1,2,69,0.5417,12.766
600,0.125,2,80,0.725,12.766
600,0.15000000000000002,2,82,0.7617,12.766
600,0.17500000000000002,2,86,0.8433,12.766
700,0.0,2,0,0.0,14.8936
700,0.025,2,32,0.1214,14.8936
700,0.05,2,50,0.3029,14.8936
700,0.07500000000000001,2,63,0.4714,14.8936
700,0.1,2,79,0.7057,14.8936
700,0.125,2,78,0.69,14.8936
700,0.15000000000000002,2,88,0.8814,14.8936
700,0.17500000000000002,2,90,0.9186,14.8936
800,0.0,2,0,0.0,17.0213
800,0.025,2,32,0.1375,17.0213
800,0.05,2,56,0.3838,17.0213
800,0.07500000000000001,2,75,0.6562,17.0213
800,0.1,2,78,0.7075,17.0213
800,0.125,2,83,0.7837,17.0213
800,0.15000000000000002,2,89,0.9,17.0213
800,0.17500000000000002,2,86,0.8412,17.0213
900,0.0,2,0,0.0,19.1489
900,0.025,2,36,0.15,19.1489
900,0.05,2,58,0.3978,19.1489
900,0.07500000000000001,2,75,0.6356,19.1489
900,0.1,2,83,0.7889,19.1489
900,0.125,2,91,0.9333,19.1489
900,0.15000000000000002,2,93,0.9789,19.1489
900,0.17500000000000002,2,90,0.9144,19.1489
100,0.0,2,0,0.0,2.1277
100,0.025,2,3,0.0,2.1277
100,0.05,2,8,0.0,2.1277
100,0.07500000000000001,2,13,0.0,2.1277
100,0.1,2,19,0.0,2.1277
100,0.125,2,23,0.12,2.1277
100,0.15000000000000002,2,28,0.0,2.1277
100,0.17500000000000002,2,31,0.0,2.1277
200,0.0,2,0,0.0,4.2553
200,0.025,2,9,0.0,4.2553
200,0.05,2,20,0.0,4.2553
200,0.07500000000000001,2,25,0.1,4.2553
200,0.1,2,35,0.14,4.2553
200,0.125,2,40,0.18,4.2553
200,0.15000000000000002,2,43,0.29,4.2553
200,0.17500000000000002,2,56,0.395,4.2553
300,0.0,2,0,0.0,6.383
300,0.025,2,14,0.0433,6.383
300,0.05,2,28,0.0867,6.383
300,0.07500000000000001,2,37,0.18,6.383
300,0.1,2,48,0.2567,6.383
300,0.125,2,57,0.3833,6.383
300,0.15000000000000002,2,60,0.43,6.383
300,0.17500000000000002,2,69,0.6,6.383
400,0.0,2,0,0.0,8.5106
400,0.025,2,18,0.0125,8.5106
400,0.05,2,34,0.12,8.5106
400,0.07500000000000001,2,44,0.2525,8.5106
400,0.1,2,62,0.47,8.5106
400,0.125,2,64,0.505,8.5106
400,0.15000000000000002,2,70,0.5525,8.5106
400,0.17500000000000002,2,73,0.62,8.5106
500,0.0,2,0,0.0,10.6383
500,0.025,2,20,0.062,10.6383
500,0.05,2,40,0.21,10.6383
500,0.07500000000000001,2,61,0.404,10.6383
500,0.1,2,64,0.488,10.6383
500,0.125,2,75,0.644,10.6383
500,0.15000000000000002,2,78,0.692,10.6383
500,0.17500000000000002,2,83,0.79,10.6383
600,0.0,2,0,0.0,12.766
600,0.025,2,26,0.0783,12.766
600,0.05,2,47,0.25,12.766
600,0.07500000000000001,2,62,0.4417,12.766
600,0.1,2,72,0.605,12.766
600,0.125,2,76,0.6617,12.766
600,0.15000000000000002,2,88,0.8733,12.766
600,0.17500000000000002,2,87,0.8583,12.766
700,0.0,2,0,0.0,14.8936
700,0.025,2,28,0.1057,14.8936
700,0.05,2,49,0.2729,14.8936
700,0.07500000000000001,2,63,0.4486,14.8936
700,0.1,2,74,0.6171,14.8936
700,0.125,2,79,0.7071,14.8936
700,0.15000000000000002,2,84,0.7971,14.8936
700,0.17500000000000002,2,88,0.8757,14.8936
800,0.0,2,0,0.0,17.0213
800,0.025,2,32,0.11,17.0213
800,0.05,2,55,0.3475,17.0213
800,0.07500000000000001,2,74,0.6412,17.0213
800,0.1,2,79,0.7188,17.0213
800,0.125,2,88,0.88,17.0213
800,0.15000000000000002,2,91,0.94,17.0213
800,0.17500000000000002,2,89,0.8988,17.0213
900,0.0,2,0,0.0,19.1489
900,0.025,2,34,0.1333,19.1489
900,0.05,2,60,0.4233,19.1489
900,0.07500000000000001,2,78,0.69,19.1489
900,0.1,2,83,0.7889,19.1489
900,0.125,2,86,0.8411,19.1489
900,0.15000000000000002,2,91,0.9367,19.1489
900,0.17500000000000002,2,92,0.9622,19.1489
100,0.0,3,0,0.0,3.1915
100,0.025,3,6,0.0,3.1915
100,0.05,3,15,0.0,3.1915
100,0.07500000000000001,3,19,0.0,3.1915
100,0.1,3,27,0.0,3.1915
100,0.125,3,30,0.0,3.1915
100,0.15000000000000002,3,34,0.0,3.1915
100,0.17500000000000002,3,41,0.0,3.1915
200,0.0,3,0,0.0,6.383
200,0.025,3,14,0.0,6.383
200,0.05,3,25,0.0,6.383
200,0.07500000000000001,3,39,0.0,6.383
200,0.1,3,51,0.16,6.383
200,0.125,3,57,0.225,6.383
200,0.15000000000000002,3,61,0.345,6.383
200,0.17500000000000002,3,67,0.455,6.383
300,0.0,3,0,0.0,9.5745
300,0.025,3,17,0.0,9.5745
300,0.05,3,38,0.0,9.5745
300,0.07500000000000001,3,51,0.1533,9.5745
300,0.1,3,61,0.27,9.5745
300,0.125,3,68,0.4267,9.5745
300,0.15000000000000002,3,79,0.6267,9.5745
300,0.17500000000000002,3,76,0.5333,9.5745
400,0.0,3,0,0.0,12.766
400,0.025,3,26,0.0,12.766
400,0.05,3,45,0.13,12.766
400,0.07500000000000001,3,61,0.3,12.766
400,0.1,3,66,0.36,12.766
400,0.125,3,75,0.495,12.766
400,0.15000000000000002,3,84,0.7175,12.766
400,0.17500000000000002,3,89,0.845,12.766
500,0.0,3,0,0.0,15.9574
500,0.025,3,32,0.004,15.9574
500,0.05,3,50,0.174,15.9574
500,0.07500000000000001,3,66,0.368,15.9574
500,0.1,3,75,0.524,15.9574
500,0.125,3,85,0.734,15.9574
500,0.15000000000000002,3,89,0.846,15.9574
500,0.17500000000000002,3,89,0.844,15.9574
600,0.0,3,0,0.0,19.1489
600,0.025,3,38,0.0667,19.1489
600,0.05,3,57,0.2333,19.1489
600,0.07500000000000001,3,72,0.4683,19.1489
600,0.1,3,84,0.7167,19.1489
600,0.125,3,87,0.8033,19.1489
600,0.15000000000000002,3,91,0.9083,19.1489
600,0.17500000000000002,3,91,0.9117,19.1489
700,0.0,3,0,0.0,22.3404
700,0.025,3,45,0.1229,22.3404
700,0.05,3,66,0.3814,22.3404
700,0.07500000000000001,3,80,0.63,22.3404
700,0.1,3,82,0.6586,22.3404
700,0.125,3,92,0.9429,22.3404
700,0.15000000000000002,3,93,0.9671,22.3404
700,0.17500000000000002,3,92,0.9343,22.3404
800,0.0,3,0,0.0,25.5319
800,0.025,3,48,0.1375,25.5319
800,0.05,3,69,0.4012,25.5319
800,0.07500000000000001,3,80,0.6162,25.5319
800,0.1,3,89,0.845,25.5319
800,0.125,3,91,0.9125,25.5319
800,0.15000000000000002,3,94,1.0,25.5319
800,0.17500000000000002,3,93,0.9725,25.5319
900,0.0,3,0,0.0,28.7234
900,0.025,3,46,0.1311,28.7234
900,0.05,3,73,0.4656,28.7234
900,0.07500000000000001,3,83,0.6878,28.7234
900,0.1,3,93,0.9678,28.7234
900,0.125,3,92,0.9356,28.7234
900,0.15000000000000002,3,93,0.9678,28.7234
900,0.17500000000000002,3,94,1.0,28.7234
100,0.0,3,0,0.0,3.1915
100,0.025,3,6,0.0,3.1915
100,0.05,3,15,0.0,3.1915
100,0.07500000000000001,3,19,0.0,3.1915
100,0.1,3,28,0.0,3.1915
100,0.125,3,33,0.0,3.1915
100,0.15000000000000002,3,36,0.0,3.1915
100,0.17500000000000002,3,42,0.0,3.1915
200,0.0,3,0,0.0,6.383
200,0.025,3,15,0.0,6.383
200,0.05,3,26,0.0,6.383
200,0.07500000000000001,3,38,0.0,6.383
200,0.1,3,45,0.0,6.383
200,0.125,3,54,0.19,6.383
200,0.15000000000000002,3,57,0.195,6.383
200,0.17500000000000002,3,64,0.405,6.383
300,0.0,3,0,0.0,9.5745
300,0.025,3,19,0.0,9.5745
300,0.05,3,39,0.0,9.5745
300,0.07500000000000001,3,52,0.2067,9.5745
300,0.1,3,61,0.2833,9.5745
300,0.125,3,66,0.3767,9.5745
300,0.15000000000000002,3,74,0.5033,9.5745
300,0.17500000000000002,3,78,0.58,9.5745
400,0.0,3,0,0.0,12.766
400,0.025,3,28,0.0,12.766
400,0.05,3,45,0.145,12.766
400,0.07500000000000001,3,60,0.2775,12.766
400,0.1,3,69,0.415,12.766
400,0.125,3,75,0.5225,12.766
400,0.15000000000000002,3,84,0.7225,12.766
400,0.17500000000000002,3,90,0.8925,12.766
500,0.0,3,0,0.0,15.9574
500,0.025,3,30,0.0,15.9574
500,0.05,3,49,0.172,15.9574
500,0.07500000000000001,3,66,0.35,15.9574
500,0.1,3,73,0.47,15.9574
500,0.125,3,88,0.82,15.9574
500,0.15000000000000002,3,89,0.86,15.9574
500,0.17500000000000002,3,89,0.852,15.9574
600,0.0,3,0,0.0,19.1489
600,0.025,3,34,0.0717,19.1489
600,0.05,3,57,0.2667,19.1489
600,0.07500000000000001,3,76,0.5117,19.1489
600,0.1,3,81,0.6633,19.1489
600,0.125,3,87,0.795,19.1489
600,0.15000000000000002,3,86,0.76,19.1489
600,0.17500000000000002,3,92,0.935,19.1489
700,0.0,3,0,0.0,22.3404
700,0.025,3,37,0.08,22.3404
700,0.05,3,66,0.3557,22.3404
700,0.07500000000000001,3,76,0.5214,22.3404
700,0.1,3,85,0.7443,22.3404
700,0.125,3,90,0.8743,22.3404
700,0.15000000000000002,3,92,0.9386,22.3404
700,0.17500000000000002,3,92,0.9343,22.3404
800,0.0,3,0,0.0,25.5319
800,0.025,3,45,0.1125,25.5319
800,0.05,3,65,0.3338,25.5319
800,0.07500000000000001,3,80,0.6212,25.5319
800,0.1,3,87,0.7862,25.5319
800,0.125,3,91,0.9175,25.5319
800,0.15000000000000002,3,91,0.905,25.5319
800,0.17500000000000002,3,94,1.0,25.5319
900,0.0,3,0,0.0,28.7234
900,0.025,3,47,0.1311,28.7234
900,0.05,3,71,0.4467,28.7234
900,0.07500000000000001,3,85,0.7333,28.7234
900,0.1,3,91,0.9067,28.7234
900,0.125,3,93,0.9678,28.7234
900,0.15000000000000002,3,94,1.0,28.7234
900,0.17500000000000002,3,94,1.0,28.7234
100,0.0,3,0,0.0,3.1915
100,0.025,3,6,0.0,3.1915
100,0.05,3,14,0.0,3.1915
100,0.07500000000000001,3,19,0.0,3.1915
100,0.1,3,28,0.0,3.1915
100,0.125,3,34,0.0,3.1915
100,0.15000000000000002,3,34,0.0,3.1915
100,0.17500000000000002,3,39,0.0,3.1915
200,0.0,3,0,0.0,6.383
200,0.025,3,14,0.0,6.383
200,0.05,3,28,0.0,6.383
200,0.07500000000000001,3,38,0.0,6.383
200,0.1,3,50,0.0,6.383
200,0.125,3,54,0.195,6.383
200,0.15000000000000002,3,58,0.295,6.383
200,0.17500000000000002,3,66,0.415,6.383
300,0.0,3,0,0.0,9.5745
300,0.025,3,19,0.0,9.5745
300,0.05,3,39,0.09,9.5745
300,0.07500000000000001,3,48,0.1433,9.5745
300,0.1,3,57,0.2633,9.5745
300,0.125,3,62,0.3167,9.5745
300,0.15000000000000002,3,72,0.4733,9.5745
300,0.17500000000000002,3,77,0.5667,9.5745
400,0.0,3,0,0.0,12.766
400,0.025,3,27,0.0,12.766
400,0.05,3,46,0.11,12.766
400,0.07500000000000001,3,62,0.3,12.766
400,0.1,3,73,0.465,12.766
400,0.125,3,73,0.4825,12.766
400,0.15000000000000002,3,80,0.6125,12.766
400,0.17500000000000002,3,89,0.8525,12.766
500,0.0,3,0,0.0,15.9574
500,0.025,3,28,0.036,15.9574
500,0.05,3,52,0.172,15.9574
500,0.07500000000000001,3,63,0.302,15.9574
500,0.1,3,77,0.55,15.9574
500,0.125,3,85,0.742,15.9574
500,0.15000000000000002,3,87,0.792,15.9574
500,0.17500000000000002,3,90,0.874,15.9574
600,0.0,3,0,0.0,19.1489
600,0.025,3,35,0.0683,19.1489
600,0.05,3,59,0.2517,19.1489
600,0.07500000000000001,3,68,0.395,19.1489
600,0.1,3,87,0.7917,19.1489
600,0.125,3,88,0.8233,19.1489
600,0.15000000000000002,3,90,0.8867,19.1489
600,0.17500000000000002,3,91,0.91,19.1489
700,0.0,3,0,0.0,22.3404
700,0.025,3,39,0.0857,22.3404
700,0.05,3,62,0.2814,22.3404
700,0.07500000000000001,3,82,0.68,22.3404
700,0.1,3,86,0.7686,22.3404
700,0.125,3,89,0.8457,22.3404
700,0.15000000000000002,3,92,0.9471,22.3404
700,0.17500000000000002,3,92,0.94,22.3404
800,0.0,3,0,0.0,25.5319
800,0.025,3,45,0.1125,25.5319
800,0.05,3,66,0.3425,25.5319
800,0.07500000000000001,3,78,0.5712,25.5319
800,0.1,3,87,0.7925,25.5319
800,0.125,3,93,0.9675,25.5319
800,0.15000000000000002,3,93,0.9675,25.5319
800,0.17500000000000002,3,94,1.0,25.5319
900,0.0,3,0,0.0,28.7234
900,0.025,3,48,0.1267,28.7234
900,0.05,3,74,0.4956,28.7234
900,0.07500000000000001,3,86,0.7744,28.7234
900,0.1,3,88,0.82,28.7234
900,0.125,3,93,0.9678,28.7234
900,0.15000000000000002,3,92,0.9411,28.7234
900,0.17500000000000002,3,94,1.0,28.7234
100,0.0,3,0,0.0,3.1915
100,0.025,3,6,0.0,3.1915
100,0.05,3,14,0.0,3.1915
100,0.07500000000000001,3,19,0.0,3.1915
100,0.1,3,28,0.0,3.1915
100,0.125,3,31,0.0,3.1915
100,0.15000000000000002,3,37,0.0,3.1915
100,0.17500000000000002,3,39,0.0,3.1915
200,0.0,3,0,0.0,6.383
200,0.025,3,14,0.0,6.383
200,0.05,3,27,0.0,6.383
200,0.07500000000000001,3,38,0.0,6.383
200,0.1,3,42,0.0,6.383
200,0.125,3,53,0.135,6.383
200,0.15000000000000002,3,62,0.29,6.383
200,0.17500000000000002,3,62,0.345,6.383
300,0.0,3,0,0.0,9.5745
300,0.025,3,17,0.0,9.5745
300,0.05,3,35,0.0533,9.5745
300,0.07500000000000001,3,49,0.1833,9.5745
300,0.1,3,61,0.3,9.5745
300,0.125,3,62,0.3167,9.5745
300,0.15000000000000002,3,74,0.53,9.5745
300,0.17500000000000002,3,75,0.5333,9.5745
400,0.0,3,0,0.0,12.766
400,0.025,3,24,0.0,12.766
400,0.05,3,46,0.16,12.766
400,0.07500000000000001,3,60,0.295,12.766
400,0.1,3,72,0.4625,12.766
400,0.125,3,80,0.615,12.766
400,0.15000000000000002,3,84,0.7075,12.766
400,0.17500000000000002,3,88,0.825,12.766
500,0.0,3,0,0.0,15.9574
500,0.025,3,27,0.04,15.9574
500,0.05,3,58,0.252,15.9574
500,0.07500000000000001,3,71,0.434,15.9574
500,0.1,3,73,0.464,15.9574
500,0.125,3,79,0.586,15.9574
500,0.15000000000000002,3,88,0.83,15.9574
500,0.17500000000000002,3,91,0.908,15.9574
600,0.0,3,0,0.0,19.1489
600,0.025,3,34,0.065,19.1489
600,0.05,3,60,0.3,19.1489
600,0.07500000000000001,3,74,0.5,19.1489
600,0.1,3,80,0.6367,19.1489
600,0.125,3,88,0.8117,19.1489
600,0.15000000000000002,3,88,0.8267,19.1489
600,0.17500000000000002,3,93,0.9667,19.1489
700,0.0,3,0,0.0,22.3404
700,0.025,3,40,0.0971,22.3404
700,0.05,3,63,0.3343,22.3404
700,0.07500000000000001,3,79,0.6057,22.3404
700,0.1,3,83,0.6857,22.3404
700,0.125,3,90,0.88,22.3404
700,0.15000000000000002,3,90,0.8771,22.3404
700,0.17500000000000002,3,94,1.0,22.3404
800,0.0,3,0,0.0,25.5319
800,0.025,3,45,0.1175,25.5319
800,0.05,3,68,0.3738,25.5319
800,0.07500000000000001,3,82,0.6575,25.5319
800,0.1,3,83,0.6862,25.5319
800,0.125,3,89,0.8588,25.5319
800,0.15000000000000002,3,92,0.9362,25.5319
800,0.17500000000000002,3,94,1.0,25.5319
900,0.0,3,0,0.0,28.7234
900,0.025,3,50,0.1556,28.7234
900,0.05,3,76,0.52,28.7234
900,0.07500000000000001,3,81,0.6511,28.7234
900,0.1,3,90,0.88,28.7234
900,0.125,3,92,0.9356,28.7234
900,0.15000000000000002,3,92,0.9367,28.7234
900,0.17500000000000002,3,93,0.9678,28.7234
100,0.0,3,0,0.0,3.1915
100,0.025,3,6,0.0,3.1915
100,0.05,3,14,0.0,3.1915
100,0.07500000000000001,3,20,0.0,3.1915
100,0.1,3,24,0.0,3.1915
100,0.125,3,30,0.0,3.1915
100,0.15000000000000002,3,36,0.0,3.1915
100,0.17500000000000002,3,41,0.0,3.1915
200,0.0,3,0,0.0,6.383
200,0.025,3,14,0.0,6.383
200,0.05,3,22,0.0,6.383
200,0.07500000000000001,3,39,0.01,6.383
200,0.1,3,48,0.0,6.383
200,0.125,3,53,0.2,6.383
200,0.15000000000000002,3,50,0.155,6.383
200,0.17500000000000002,3,69,0.425,6.383
300,0.0,3,0,0.0,9.5745
300,0.025,3,20,0.0,9.5745
300,0.05,3,30,0.0,9.5745
300,0.07500000000000001,3,52,0.1833,9.5745
300,0.1,3,58,0.2833,9.5745
300,0.125,3,71,0.4667,9.5745
300,0.15000000000000002,3,75,0.5367,9.5745
300,0.17500000000000002,3,81,0.65,9.5745
400,0.0,3,0,0.0,12.766
400,0.025,3,25,0.0,12.766
400,0.05,3,45,0.1425,12.766
400,0.07500000000000001,3,59,0.25,12.766
400,0.1,3,74,0.505,12.766
400,0.125,3,78,0.5825,12.766
400,0.15000000000000002,3,85,0.735,12.766
400,0.17500000000000002,3,82,0.6825,12.766
500,0.0,3,0,0.0,15.9574
500,0.025,3,31,0.0,15.9574
500,0.05,3,52,0.206,15.9574
500,0.07500000000000001,3,68,0.402,15.9574
500,0.1,3,78,0.582,15.9574
500,0.125,3,81,0.652,15.9574
500,0.15000000000000002,3,84,0.726,15.9574
500,0.17500000000000002,3,89,0.844,15.9574
600,0.0,3,0,0.0,19.1489
600,0.025,3,38,0.0633,19.1489
600,0.05,3,56,0.235,19.1489
600,0.07500000000000001,3,76,0.5517,19.1489
600,0.1,3,83,0.7033,19.1489
600,0.125,3,90,0.8867,19.1489
600,0.15000000000000002,3,91,0.9133,19.1489
600,0.17500000000000002,3,90,0.8917,19.1489
700,0.0,3,0,0.0,22.3404
700,0.025,3,40,0.0771,22.3404
700,0.05,3,64,0.3129,22.3404
700,0.07500000000000001,3,84,0.7043,22.3404
700,0.1,3,86,0.7629,22.3404
700,0.125,3,87,0.8086,22.3404
700,0.15000000000000002,3,93,0.9671,22.3404
700,0.17500000000000002,3,93,0.9714,22.3404
800,0.0,3,0,0.0,25.5319
800,0.025,3,43,0.1125,25.5319
800,0.05,3,66,0.3575,25.5319
800,0.07500000000000001,3,81,0.6275,25.5319
800,0.1,3,87,0.7975,25.5319
800,0.125,3,93,0.9675,25.5319
800,0.15000000000000002,3,94,1.0,25.5319
800,0.17500000000000002,3,94,1.0,25.5319
900,0.0,3,0,0.0,28.7234
900,0.025,3,52,0.18,28.7234
900,0.05,3,70,0.42,28.7234
900,0.07500000000000001,3,85,0.7467,28.7234
900,0.1,3,90,0.8767,28.7234
900,0.125,3,91,0.9156,28.7234
900,0.15000000000000002,3,94,1.0,28.7234
900,0.17500000000000002,3,94,1.0,28.7234
100,0.0,3,0,0.0,3.1915
100,0.025,3,6,0.0,3.1915
100,0.05,3,13,0.0,3.1915
100,0.07500000000000001,3,20,0.0,3.1915
100,0.1,3,23,0.0,3.1915
100,0.125,3,33,0.0,3.1915
100,0.15000000000000002,3,41,0.0,3.1915
100,0.17500000000000002,3,45,0.0,3.1915
200,0.0,3,0,0.0,6.383
200,0.025,3,14,0.0,6.383
200,0.05,3,26,0.0,6.383
200,0.07500000000000001,3,40,0.0,6.383
200,0.1,3,45,0.0,6.383
200,0.125,3,56,0.0,6.383
200,0.15000000000000002,3,60,0.345,6.383
200,0.17500000000000002,3,69,0.465,6.383
300,0.0,3,0,0.0,9.5745
300,0.025,3,20,0.0,9.5745
300,0.05,3,36,0.0,9.5745
300,0.07500000000000001,3,49,0.1267,9.5745
300,0.1,3,58,0.28,9.5745
300,0.125,3,66,0.3967,9.5745
300,0.15000000000000002,3,74,0.5,9.5745
300,0.17500000000000002,3,75,0.55,9.5745
400,0.0,3,0,0.0,12.766
400,0.025,3,27,0.0,12.766
400,0.05,3,45,0.1125,12.766
400,0.07500000000000001,3,58,0.27,12.766
400,0.1,3,71,0.42,12.766
400,0.125,3,78,0.5825,12.766
400,0.15000000000000002,3,82,0.6675,12.766
400,0.17500000000000002,3,85,0.735,12.766
500,0.0,3,0,0.0,15.9574
500,0.025,3,29,0.0,15.9574
500,0.05,3,50,0.162,15.9574
500,0.07500000000000001,3,64,0.306,15.9574
500,0.1,3,74,0.512,15.9574
500,0.125,3,78,0.578,15.9574
500,0.15000000000000002,3,90,0.882,15.9574
500,0.17500000000000002,3,90,0.884,15.9574
600,0.0,3,0,0.0,19.1489
600,0.025,3,38,0.0817,19.1489
600,0.05,3,58,0.245,19.1489
600,0.07500000000000001,3,73,0.4717,19.1489
600,0.1,3,82,0.6933,19.1489
600,0.125,3,90,0.8867,19.1489
600,0.15000000000000002,3,86,0.775,19.1489
600,0.17500000000000002,3,92,0.9417,19.1489
700,0.0,3,0,0.0,22.3404
700,0.025,3,38,0.08,22.3404
700,0.05,3,66,0.3514,22.3404
700,0.07500000000000001,3,79,0.59,22.3404
700,0.1,3,84,0.7057,22.3404
700,0.125,3,88,0.82,22.3404
700,0.15000000000000002,3,94,1.0,22.3404
700,0.17500000000000002,3,94,1.0,22.3404
800,0.0,3,0,0.0,25.5319
800,0.025,3,49,0.1462,25.5319
800,0.05,3,71,0.45,25.5319
800,0.07500000000000001,3,82,0.6612,25.5319
800,0.1,3,90,0.8775,25.5319
800,0.125,3,91,0.9062,25.5319
800,0.15000000000000002,3,91,0.9225,25.5319
800,0.17500000000000002,3,93,0.9675,25.5319
900,0.0,3,0,0.0,28.7234
900,0.025,3,54,0.18,28.7234
900,0.05,3,77,0.56,28.7234
900,0.07500000000000001,3,84,0.7178,28.7234
900,0.1,3,91,0.9044,28.7234
900,0.125,3,94,1.0,28.7234
900,0.15000000000000002,3,94,1.0,28.7234
900,0.17500000000000002,3,93,0.9678,28.7234
100,0.0,3,0,0.0,3.1915
100,0.025,3,6,0.0,3.1915
100,0.05,3,14,0.0,3.1915
100,0.07500000000000001,3,19,0.0,3.1915
100,0.1,3,27,0.0,3.1915
100,0.125,3,32,0.0,3.1915
100,0.15000000000000002,3,35,0.0,3.1915
100,0.17500000000000002,3,41,0.0,3.1915
200,0.0,3,0,0.0,6.383
200,0.025,3,15,0.0,6.383
200,0.05,3,25,0.0,6.383
200,0.07500000000000001,3,40,0.0,6.383
200,0.1,3,44,0.105,6.383
200,0.125,3,56,0.18,6.383
200,0.15000000000000002,3,64,0.35,6.383
200,0.17500000000000002,3,66,0.4,6.383
300,0.0,3,0,0.0,9.5745
300,0.025,3,21,0.0,9.5745
300,0.05,3,36,0.0,9.5745
300,0.07500000000000001,3,49,0.2,9.5745
300,0.1,3,63,0.32,9.5745
300,0.125,3,67,0.4167,9.5745
300,0.15000000000000002,3,74,0.4933,9.5745
300,0.17500000000000002,3,84,0.7067,9.5745
400,0.0,3,0,0.0,12.766
400,0.025,3,28,0.0,12.766
400,0.05,3,46,0.1375,12.766
400,0.07500000000000001,3,62,0.31,12.766
400,0.1,3,77,0.575,12.766
400,0.125,3,78,0.58,12.766
400,0.15000000000000002,3,83,0.7175,12.766
400,0.17500000000000002,3,85,0.745,12.766
500,0.0,3,0,0.0,15.9574
500,0.025,3,33,0.036,15.9574
500,0.05,3,54,0.212,15.9574
500,0.07500000000000001,3,67,0.38,15.9574
500,0.1,3,75,0.518,15.9574
500,0.125,3,84,0.716,15.9574
500,0.15000000000000002,3,90,0.878,15.9574
500,0.17500000000000002,3,88,0.824,15.9574
600,0.0,3,0,0.0,19.1489
600,0.025,3,40,0.0867,19.1489
600,0.05,3,60,0.2783,19.1489
600,0.07500000000000001,3,71,0.455,19.1489
600,0.1,3,83,0.7033,19.1489
600,0.125,3,88,0.815,19.1489
600,0.15000000000000002,3,91,0.9267,19.1489
600,0.17500000000000002,3,93,0.9667,19.1489
700,0.0,3,0,0.0,22.3404
700,0.025,3,45,0.12,22.3404
700,0.05,3,61,0.2586,22.3404
700,0.07500000000000001,3,76,0.5514,22.3404
700,0.1,3,82,0.66,22.3404
700,0.125,3,90,0.8743,22.3404
700,0.15000000000000002,3,92,0.9514,22.3404
700,0.17500000000000002,3,94,1.0,22.3404
800,0.0,3,0,0.0,25.5319
800,0.025,3,45,0.1375,25.5319
800,0.05,3,70,0.4025,25.5319
800,0.07500000000000001,3,74,0.5,25.5319
800,0.1,3,88,0.8238,25.5319
800,0.125,3,92,0.9388,25.5319
800,0.15000000000000002,3,93,0.9675,25.5319
800,0.17500000000000002,3,94,1.0,25.5319
900,0.0,3,0,0.0,28.7234
900,0.025,3,48,0.1511,28.7234
900,0.05,3,69,0.4056,28.7234
900,0.07500000000000001,3,86,0.7622,28.7234
900,0.1,3,93,0.9678,28.7234
900,0.125,3,93,0.9678,28.7234
900,0.15000000000000002,3,94,1.0,28.7234
900,0.17500000000000002,3,94,1.0,28.7234
100,0.0,3,0,0.0,3.1915
100,0.025,3,6,0.0,3.1915
100,0.05,3,15,0.0,3.1915
100,0.07500000000000001,3,17,0.0,3.1915
100,0.1,3,27,0.0,3.1915
100,0.125,3,31,0.0,3.1915
100,0.15000000000000002,3,39,0.0,3.1915
100,0.17500000000000002,3,42,0.0,3.1915
200,0.0,3,0,0.0,6.383
200,0.025,3,14,0.0,6.383
200,0.05,3,26,0.0,6.383
200,0.07500000000000001,3,36,0.0,6.383
200,0.1,3,48,0.0,6.383
200,0.125,3,55,0.195,6.383
200,0.15000000000000002,3,62,0.33,6.383
200,0.17500000000000002,3,66,0.33,6.383
300,0.0,3,0,0.0,9.5745
300,0.025,3,18,0.0,9.5745
300,0.05,3,37,0.0,9.5745
300,0.07500000000000001,3,51,0.1767,9.5745
300,0.1,3,54,0.2333,9.5745
300,0.125,3,62,0.3167,9.5745
300,0.15000000000000002,3,67,0.3933,9.5745
300,0.17500000000000002,3,76,0.5433,9.5745
400,0.0,3,0,0.0,12.766
400,0.025,3,24,0.0,12.766
400,0.05,3,43,0.12,12.766
400,0.07500000000000001,3,59,0.255,12.766
400,0.1,3,69,0.4025,12.766
400,0.125,3,76,0.5475,12.766
400,0.15000000000000002,3,81,0.6425,12.766
400,0.17500000000000002,3,84,0.7125,12.766
500,0.0,3,0,0.0,15.9574
500,0.025,3,33,0.072,15.9574
500,0.05,3,51,0.18,15.9574
500,0.07500000000000001,3,68,0.388,15.9574
500,0.1,3,81,0.646,15.9574
500,0.125,3,86,0.764,15.9574
500,0.15000000000000002,3,90,0.88,15.9574
500,0.17500000000000002,3,90,0.878,15.9574
600,0.0,3,0,0.0,19.1489
600,0.025,3,34,0.0533,19.1489
600,0.05,3,62,0.285,19.1489
600,0.07500000000000001,3,72,0.4667,19.1489
600,0.1,3,83,0.7133,19.1489
600,0.125,3,86,0.7633,19.1489
600,0.15000000000000002,3,93,0.9667,19.1489
600,0.17500000000000002,3,91,0.915,19.1489
700,0.0,3,0,0.0,22.3404
700,0.025,3,38,0.07,22.3404
700,0.05,3,69,0.3986,22.3404
700,0.07500000000000001,3,74,0.5029,22.3404
700,0.1,3,91,0.9086,22.3404
700,0.125,3,93,0.9671,22.3404
700,0.15000000000000002,3,91,0.9129,22.3404
700,0.17500000000000002,3,92,0.9386,22.3404
800,0.0,3,0,0.0,25.5319
800,0.025,3,47,0.1262,25.5319
800,0.05,3,65,0.3312,25.5319
800,0.07500000000000001,3,79,0.6125,25.5319
800,0.1,3,87,0.7837,25.5319
800,0.125,3,92,0.935,25.5319
800,0.15000000000000002,3,94,1.0,25.5319
800,0.17500000000000002,3,93,0.9725,25.5319
900,0.0,3,0,0.0,28.7234
900,0.025,3,48,0.1356,28.7234
900,0.05,3,75,0.5033,28.7234
900,0.07500000000000001,3,82,0.6678,28.7234
900,0.1,3,89,0.8467,28.7234
900,0.125,3,91,0.9056,28.7234
900,0.15000000000000002,3,94,1.0,28.7234
900,0.17500000000000002,3,94,1.0,28.7234
100,0.0,3,0,0.0,3.1915
100,0.025,3,5,0.0,3.1915
100,0.05,3,15,0.0,3.1915
100,0.07500000000000001,3,20,0.0,3.1915
100,0.1,3,25,0.0,3.1915
100,0.125,3,31,0.0,3.1915
100,0.15000000000000002,3,33,0.0,3.1915
100,0.17500000000000002,3,42,0.0,3.1915
200,0.0,3,0,0.0,6.383
200,0.025,3,14,0.0,6.383
200,0.05,3,27,0.0,6.383
200,0.07500000000000001,3,37,0.0,6.383
200,0.1,3,45,0.01,6.383
200,0.125,3,50,0.0,6.383
200,0.15000000000000002,3,65,0.375,6.383
200,0.17500000000000002,3,69,0.43,6.383
300,0.0,3,0,0.0,9.5745
300,0.025,3,17,0.0,9.5745
300,0.05,3,38,0.0,9.5745
300,0.07500000000000001,3,47,0.12,9.5745
300,0.1,3,63,0.3333,9.5745
300,0.125,3,66,0.4,9.5745
300,0.15000000000000002,3,75,0.5233,9.5745
300,0.17500000000000002,3,80,0.6,9.5745
400,0.0,3,0,0.0,12.766
400,0.025,3,25,0.0,12.766
400,0.05,3,47,0.1375,12.766
400,0.07500000000000001,3,60,0.2775,12.766
400,0.1,3,70,0.4475,12.766
400,0.125,3,78,0.5525,12.766
400,0.15000000000000002,3,83,0.685,12.766
400,0.17500000000000002,3,88,0.83,12.766
500,0.0,3,0,0.0,15.9574
500,0.025,3,29,0.022,15.9574
500,0.05,3,51,0.16,15.9574
500,0.07500000000000001,3,68,0.39,15.9574
500,0.1,3,73,0.486,15.9574
500,0.125,3,81,0.644,15.9574
500,0.15000000000000002,3,89,0.846,15.9574
500,0.17500000000000002,3,90,0.872,15.9574
600,0.0,3,0,0.0,19.1489
600,0.025,3,41,0.0767,19.1489
600,0.05,3,62,0.3167,19.1489
600,0.07500000000000001,3,74,0.5017,19.1489
600,0.1,3,83,0.69,19.1489
600,0.125,3,87,0.795,19.1489
600,0.15000000000000002,3,91,0.9283,19.1489
600,0.17500000000000002,3,92,0.9417,19.1489
700,0.0,3,0,0.0,22.3404
700,0.025,3,41,0.0829,22.3404
700,0.05,3,64,0.3143,22.3404
700,0.07500000000000001,3,79,0.5957,22.3404
700,0.1,3,88,0.81,22.3404
700,0.125,3,89,0.8486,22.3404
700,0.15000000000000002,3,89,0.8514,22.3404
700,0.17500000000000002,3,90,0.8814,22.3404
800,0.0,3,0,0.0,25.5319
800,0.025,3,46,0.1275,25.5319
800,0.05,3,66,0.3638,25.5319
800,0.07500000000000001,3,85,0.735,25.5319
800,0.1,3,90,0.8812,25.5319
800,0.125,3,92,0.945,25.5319
800,0.15000000000000002,3,94,1.0,25.5319
800,0.17500000000000002,3,93,0.9738,25.5319
900,0.0,3,0,0.0,28.7234
900,0.025,3,51,0.1611,28.7234
900,0.05,3,79,0.5844,28.7234
900,0.07500000000000001,3,85,0.7389,28.7234
900,0.1,3,93,0.9722,28.7234
900,0.125,3,94,1.0,28.7234
900,0.15000000000000002,3,94,1.0,28.7234
900,0.17500000000000002,3,94,1.0,28.7234
100,0.0,3,0,0.0,3.1915
100,0.025,3,6,0.0,3.1915
100,0.05,3,15,0.0,3.1915
100,0.07500000000000001,3,19,0.0,3.1915
100,0.1,3,28,0.0,3.1915
100,0.125,3,32,0.0,3.1915
100,0.15000000000000002,3,39,0.0,3.1915
100,0.17500000000000002,3,39,0.0,3.1915
200,0.0,3,0,0.0,6.383
200,0.025,3,15,0.0,6.383
200,0.05,3,24,0.0,6.383
200,0.07500000000000001,3,38,0.0,6.383
200,0.1,3,47,0.0,6.383
200,0.125,3,48,0.22,6.383
200,0.15000000000000002,3,59,0.27,6.383
200,0.17500000000000002,3,68,0.45,6.383
300,0.0,3,0,0.0,9.5745
300,0.025,3,21,0.0,9.5745
300,0.05,3,36,0.08,9.5745
300,0.07500000000000001,3,49,0.1033,9.5745
300,0.1,3,63,0.37,9.5745
300,0.125,3,70,0.4533,9.5745
300,0.15000000000000002,3,75,0.5267,9.5745
300,0.17500000000000002,3,81,0.6633,9.5745
400,0.0,3,0,0.0,12.766
400,0.025,3,26,0.0,12.766
400,0.05,3,44,0.0875,12.766
400,0.07500000000000001,3,62,0.31,12.766
400,0.1,3,69,0.42,12.766
400,0.125,3,79,0.6225,12.766
400,0.15000000000000002,3,80,0.6275,12.766
400,0.17500000000000002,3,89,0.8425,12.766
500,0.0,3,0,0.0,15.9574
500,0.025,3,30,0.038,15.9574
500,0.05,3,53,0.2,15.9574
500,0.07500000000000001,3,65,0.33,15.9574
500,0.1,3,76,0.544,15.9574
500,0.125,3,88,0.818,15.9574
500,0.15000000000000002,3,90,0.876,15.9574
500,0.17500000000000002,3,90,0.88,15.9574
600,0.0,3,0,0.0,19.1489
600,0.025,3,37,0.07,19.1489
600,0.05,3,64,0.3117,19.1489
600,0.07500000000000001,3,70,0.3933,19.1489
600,0.1,3,80,0.625,19.1489
600,0.125,3,88,0.8133,19.1489
600,0.15000000000000002,3,91,0.9083,19.1489
600,0.17500000000000002,3,88,0.8233,19.1489
700,0.0,3,0,0.0,22.3404
700,0.025,3,35,0.0586,22.3404
700,0.05,3,66,0.3571,22.3404
700,0.07500000000000001,3,77,0.5529,22.3404
700,0.1,3,79,0.6257,22.3404
700,0.125,3,87,0.8014,22.3404
700,0.15000000000000002,3,92,0.9357,22.3404
700,0.17500000000000002,3,93,0.9671,22.3404
800,0.0,3,0,0.0,25.5319
800,0.025,3,45,0.1262,25.5319
800,0.05,3,69,0.4238,25.5319
800,0.07500000000000001,3,82,0.66,25.5319
800,0.1,3,90,0.88,25.5319
800,0.125,3,92,0.9362,25.5319
800,0.15000000000000002,3,92,0.9388,25.5319
800,0.17500000000000002,3,94,1.0,25.5319
900,0.0,3,0,0.0,28.7234
900,0.025,3,48,0.1389,28.7234
900,0.05,3,71,0.4333,28.7234
900,0.07500000000000001,3,82,0.6667,28.7234
900,0.1,3,91,0.9089,28.7234
900,0.125,3,92,0.9356,28.7234
900,0.15000000000000002,3,93,0.9678,28.7234
900,0.17500000000000002,3,94,1.0,28.7234
100,0.0,4,0,0.0,4.2553
100,0.025,4,8,0.0,4.2553
100,0.05,4,20,0.0,4.2553
100,0.07500000000000001,4,26,0.0,4.2553
100,0.1,4,33,0.0,4.2553
100,0.125,4,40,0.0,4.2553
100,0.15000000000000002,4,51,0.0,4.2553
100,0.17500000000000002,4,58,0.0,4.2553
200,0.0,4,0,0.0,8.5106
200,0.025,4,19,0.0,8.5106
200,0.05,4,33,0.0,8.5106
200,0.07500000000000001,4,47,0.0,8.5106
200,0.1,4,53,0.0,8.5106
200,0.125,4,62,0.0,8.5106
200,0.15000000000000002,4,74,0.445,8.5106
200,0.17500000000000002,4,73,0.38,8.5106
300,0.0,4,0,0.0,12.766
300,0.025,4,25,0.0,12.766
300,0.05,4,49,0.0,12.766
300,0.07500000000000001,4,61,0.1967,12.766
300,0.1,4,67,0.29,12.766
300,0.125,4,73,0.36,12.766
300,0.15000000000000002,4,81,0.5633,12.766
300,0.17500000000000002,4,84,0.65,12.766
400,0.0,4,0,0.0,17.0213
400,0.025,4,33,0.0,17.0213
400,0.05,4,58,0.155,17.0213
400,0.07500000000000001,4,71,0.335,17.0213
400,0.1,4,78,0.5,17.0213
400,0.125,4,86,0.7225,17.0213
400,0.15000000000000002,4,89,0.795,17.0213
400,0.17500000000000002,4,92,0.9225,17.0213
500,0.0,4,0,0.0,21.2766
500,0.025,4,38,0.0,21.2766
500,0.05,4,61,0.208,21.2766
500,0.07500000000000001,4,82,0.608,21.2766
500,0.1,4,85,0.666,21.2766
500,0.125,4,86,0.696,21.2766
500,0.15000000000000002,4,89,0.792,21.2766
500,0.17500000000000002,4,93,0.96,21.2766
600,0.0,4,0,0.0,25.5319
600,0.025,4,47,0.0733,25.5319
600,0.05,4,63,0.2033,25.5319
600,0.07500000000000001,4,83,0.5933,25.5319
600,0.1,4,88,0.77,25.5319
600,0.125,4,89,0.81,25.5319
600,0.15000000000000002,4,91,0.8783,25.5319
600,0.17500000000000002,4,93,0.9567,25.5319
700,0.0,4,0,0.0,29.7872
700,0.025,4,49,0.0743,29.7872
700,0.05,4,74,0.3843,29.7872
700,0.07500000000000001,4,84,0.64,29.7872
700,0.1,4,90,0.8429,29.7872
700,0.125,4,93,0.9571,29.7872
700,0.15000000000000002,4,93,0.9571,29.7872
700,0.17500000000000002,4,92,0.92,29.7872
800,0.0,4,0,0.0,34.0426
800,0.025,4,58,0.1538,34.0426
800,0.05,4,78,0.4812,34.0426
800,0.07500000000000001,4,87,0.73,34.0426
800,0.1,4,90,0.8388,34.0426
800,0.125,4,94,1.0,34.0426
800,0.15000000000000002,4,93,0.9562,34.0426
800,0.17500000000000002,4,94,1.0,34.0426
900,0.0,4,0,0.0,38.2979
900,0.025,4,55,0.1278,38.2979
900,0.05,4,77,0.45,38.2979
900,0.07500000000000001,4,86,0.7144,38.2979
900,0.1,4,93,0.9567,38.2979
900,0.125,4,94,1.0,38.2979
900,0.15000000000000002,4,94,1.0,38.2979
900,0.17500000000000002,4,94,1.0,38.2979
100,0.0,4,0,0.0,4.2553
100,0.025,4,8,0.0,4.2553
100,0.05,4,19,0.0,4.2553
100,0.07500000000000001,4,25,0.0,4.2553
100,0.1,4,33,0.0,4.2553
100,0.125,4,40,0.0,4.2553
100,0.15000000000000002,4,44,0.0,4.2553
100,0.17500000000000002,4,54,0.0,4.2553
200,0.0,4,0,0.0,8.5106
200,0.025,4,20,0.0,8.5106
200,0.05,4,36,0.0,8.5106
200,0.07500000000000001,4,42,0.0,8.5106
200,0.1,4,60,0.135,8.5106
200,0.125,4,70,0.36,8.5106
200,0.15000000000000002,4,68,0.235,8.5106
200,0.17500000000000002,4,75,0.445,8.5106
300,0.0,4,0,0.0,12.766
300,0.025,4,27,0.0,12.766
300,0.05,4,45,0.0,12.766
300,0.07500000000000001,4,55,0.1367,12.766
300,0.1,4,71,0.3533,12.766
300,0.125,4,78,0.4933,12.766
300,0.15000000000000002,4,81,0.5767,12.766
300,0.17500000000000002,4,83,0.6233,12.766
400,0.0,4,0,0.0,17.0213
400,0.025,4,33,0.0,17.0213
400,0.05,4,52,0.1375,17.0213
400,0.07500000000000001,4,64,0.2475,17.0213
400,0.1,4,74,0.3975,17.0213
400,0.125,4,86,0.725,17.0213
400,0.15000000000000002,4,82,0.595,17.0213
400,0.17500000000000002,4,90,0.8775,17.0213
500,0.0,4,0,0.0,21.2766
500,0.025,4,39,0.0,21.2766
500,0.05,4,61,0.196,21.2766
500,0.07500000000000001,4,78,0.488,21.2766
500,0.1,4,85,0.674,21.2766
500,0.125,4,88,0.778,21.2766
500,0.15000000000000002,4,91,0.874,21.2766
500,0.17500000000000002,4,92,0.936,21.2766
600,0.0,4,0,0.0,25.5319
600,0.025,4,45,0.0617,25.5319
600,0.05,4,67,0.2733,25.5319
600,0.07500000000000001,4,80,0.5483,25.5319
600,0.1,4,83,0.6383,25.5319
600,0.125,4,90,0.84,25.5319
600,0.15000000000000002,4,94,1.0,25.5319
600,0.17500000000000002,4,93,0.9567,25.5319
700,0.0,4,0,0.0,29.7872
700,0.025,4,51,0.1086,29.7872
700,0.05,4,71,0.3343,29.7872
700,0.07500000000000001,4,87,0.7286,29.7872
700,0.1,4,91,0.8829,29.7872
700,0.125,4,92,0.9171,29.7872
700,0.15000000000000002,4,94,1.0,29.7872
700,0.17500000000000002,4,93,0.9571,29.7872
800,0.0,4,0,0.0,34.0426
800,0.025,4,56,0.14,34.0426
800,0.05,4,78,0.4762,34.0426
800,0.07500000000000001,4,88,0.7675,34.0426
800,0.1,4,90,0.8425,34.0426
800,0.125,4,94,1.0,34.0426
800,0.15000000000000002,4,94,1.0,34.0426
800,0.17500000000000002,4,94,1.0,34.0426
900,0.0,4,0,0.0,38.2979
900,0.025,4,63,0.2133,38.2979
900,0.05,4,84,0.6444,38.2979
900,0.07500000000000001,4,89,0.7989,38.2979
900,0.1,4,93,0.9567,38.2979
900,0.125,4,93,0.9689,38.2979
900,0.15000000000000002,4,94,1.0,38.2979
900,0.17500000000000002,4,94,1.0,38.2979
100,0.0,4,0,0.0,4.2553
100,0.025,4,8,0.0,4.2553
100,0.05,4,18,0.0,4.2553
100,0.07500000000000001,4,26,0.0,4.2553
100,0.1,4,31,0.0,4.2553
100,0.125,4,39,0.0,4.2553
100,0.15000000000000002,4,47,0.0,4.2553
100,0.17500000000000002,4,47,0.0,4.2553
200,0.0,4,0,0.0,8.5106
200,0.025,4,19,0.0,8.5106
200,0.05,4,32,0.0,8.5106
200,0.07500000000000001,4,44,0.0,8.5106
200,0.1,4,56,0.0,8.5106
200,0.125,4,68,0.325,8.5106
200,0.15000000000000002,4,70,0.3,8.5106
200,0.17500000000000002,4,75,0.44,8.5106
300,0.0,4,0,0.0,12.766
300,0.025,4,23,0.0,12.766
300,0.05,4,44,0.0,12.766
300,0.07500000000000001,4,55,0.14,12.766
300,0.1,4,67,0.2667,12.766
300,0.125,4,73,0.3967,12.766
300,0.15000000000000002,4,83,0.6067,12.766
300,0.17500000000000002,4,85,0.6867,12.766
400,0.0,4,0,0.0,17.0213
400,0.025,4,35,0.0,17.0213
400,0.05,4,59,0.1525,17.0213
400,0.07500000000000001,4,72,0.395,17.0213
400,0.1,4,84,0.6375,17.0213
400,0.125,4,83,0.61,17.0213
400,0.15000000000000002,4,87,0.7525,17.0213
400,0.17500000000000002,4,93,0.955,17.0213
500,0.0,4,0,0.0,21.2766
500,0.025,4,38,0.0,21.2766
500,0.05,4,66,0.286,21.2766
500,0.07500000000000001,4,76,0.454,21.2766
500,0.1,4,86,0.704,21.2766
500,0.125,4,87,0.738,21.2766
500,0.15000000000000002,4,91,0.894,21.2766
500,0.17500000000000002,4,92,0.916,21.2766
600,0.0,4,0,0.0,25.5319
600,0.025,4,40,0.0433,25.5319
600,0.05,4,66,0.2783,25.5319
600,0.07500000000000001,4,81,0.5767,25.5319
600,0.1,4,87,0.7417,25.5319
600,0.125,4,91,0.875,25.5319
600,0.15000000000000002,4,92,0.9217,25.5319
600,0.17500000000000002,4,94,1.0,25.5319
700,0.0,4,0,0.0,29.7872
700,0.025,4,50,0.1057,29.7872
700,0.05,4,71,0.3243,29.7872
700,0.07500000000000001,4,87,0.7329,29.7872
700,0.1,4,92,0.9157,29.7872
700,0.125,4,92,0.9157,29.7872
700,0.15000000000000002,4,92,0.9186,29.7872
700,0.17500000000000002,4,94,1.0,29.7872
800,0.0,4,0,0.0,34.0426
800,0.025,4,56,0.1362,34.0426
800,0.05,4,77,0.4712,34.0426
800,0.07500000000000001,4,89,0.7988,34.0426
800,0.1,4,91,0.8775,34.0426
800,0.125,4,94,1.0,34.0426
800,0.15000000000000002,4,94,1.0,34.0426
800,0.17500000000000002,4,94,1.0,34.0426
900,0.0,4,0,0.0,38.2979
900,0.025,4,60,0.1722,38.2979
900,0.05,4,84,0.6322,38.2979
900,0.07500000000000001,4,90,0.8489,38.2979
900,0.1,4,92,0.9156,38.2979
900,0.125,4,94,1.0,38.2979
900,0.15000000000000002,4,94,1.0,38.2979
900,0.17500000000000002,4,94,1.0,38.2979
100,0.0,4,0,0.0,4.2553
100,0.025,4,7,0.0,4.2553
100,0.05,4,17,0.0,4.2553
100,0.07500000000000001,4,25,0.0,4.2553
100,0.1,4,34,0.0,4.2553
100,0.125,4,41,0.0,4.2553
100,0.15000000000000002,4,45,0.0,4.2553
100,0.17500000000000002,4,47,0.0,4.2553
200,0.0,4,0,0.0,8.5106
200,0.025,4,17,0.0,8.5106
200,0.05,4,33,0.0,8.5106
200,0.07500000000000001,4,44,0.0,8.5106
200,0.1,4,55,0.0,8.5106
200,0.125,4,62,0.255,8.5106
200,0.15000000000000002,4,70,0.38,8.5106
200,0.17500000000000002,4,79,0.495,8.5106
300,0.0,4,0,0.0,12.766
300,0.025,4,23,0.0,12.766
300,0.05,4,49,0.0,12.766
300,0.07500000000000001,4,58,0.1667,12.766
300,0.1,4,67,0.28,12.766
300,0.125,4,81,0.5567,12.766
300,0.15000000000000002,4,83,0.6267,12.766
300,0.17500000000000002,4,87,0.7333,12.766
400,0.0,4,0,0.0,17.0213
400,0.025,4,35,0.0,17.0213
400,0.05,4,60,0.2075,17.0213
400,0.07500000000000001,4,66,0.275,17.0213
400,0.1,4,76,0.455,17.0213
400,0.125,4,85,0.6875,17.0213
400,0.15000000000000002,4,89,0.805,17.0213
400,0.17500000000000002,4,93,0.955,17.0213
500,0.0,4,0,0.0,21.2766
500,0.025,4,39,0.0,21.2766
500,0.05,4,64,0.228,21.2766
500,0.07500000000000001,4,79,0.524,21.2766
500,0.1,4,86,0.698,21.2766
500,0.125,4,91,0.882,21.2766
500,0.15000000000000002,4,91,0.892,21.2766
500,0.17500000000000002,4,93,0.962,21.2766
600,0.0,4,0,0.0,25.5319
600,0.025,4,47,0.0717,25.5319
600,0.05,4,69,0.3083,25.5319
600,0.07500000000000001,4,84,0.6267,25.5319
600,0.1,4,91,0.8767,25.5319
600,0.125,4,93,0.9567,25.5319
600,0.15000000000000002,4,93,0.9567,25.5319
600,0.17500000000000002,4,94,1.0,25.5319
700,0.0,4,0,0.0,29.7872
700,0.025,4,48,0.0743,29.7872
700,0.05,4,75,0.4271,29.7872
700,0.07500000000000001,4,89,0.7986,29.7872
700,0.1,4,87,0.74,29.7872
700,0.125,4,94,1.0,29.7872
700,0.15000000000000002,4,94,1.0,29.7872
700,0.17500000000000002,4,93,0.9571,29.7872
800,0.0,4,0,0.0,34.0426
800,0.025,4,54,0.1375,34.0426
800,0.05,4,75,0.4225,34.0426
800,0.07500000000000001,4,90,0.8375,34.0426
800,0.1,4,92,0.9188,34.0426
800,0.125,4,92,0.9262,34.0426
800,0.15000000000000002,4,94,1.0,34.0426
800,0.17500000000000002,4,94,1.0,34.0426
900,0.0,4,0,0.0,38.2979
900,0.025,4,53,0.1133,38.2979
900,0.05,4,80,0.53,38.2979
900,0.07500000000000001,4,91,0.8733,38.2979
900,0.1,4,92,0.9178,38.2979
900,0.125,4,94,1.0,38.2979
900,0.15000000000000002,4,94,1.0,38.2979
900,0.17500000000000002,4,94,1.0,38.2979
100,0.0,4,0,0.0,4.2553
100,0.025,4,8,0.0,4.2553
100,0.05,4,19,0.0,4.2553
100,0.07500000000000001,4,28,0.0,4.2553
100,0.1,4,35,0.0,4.2553
100,0.125,4,38,0.0,4.2553
100,0.15000000000000002,4,49,0.0,4.2553
100,0.17500000000000002,4,46,0.0,4.2553
200,0.0,4,0,0.0,8.5106
200,0.025,4,20,0.0,8.5106
200,0.05,4,33,0.0,8.5106
200,0.07500000000000001,4,42,0.0,8.5106
200,0.1,4,48,0.0,8.5106
200,0.125,4,61,0.25,8.5106
200,0.15000000000000002,4,69,0.29,8.5106
200,0.17500000000000002,4,76,0.455,8.5106
300,0.0,4,0,0.0,12.766
300,0.025,4,23,0.0,12.766
300,0.05,4,44,0.0,12.766
300,0.07500000000000001,4,56,0.1467,12.766
300,0.1,4,70,0.3533,12.766
300,0.125,4,73,0.4,12.766
300,0.15000000000000002,4,85,0.65,12.766
300,0.17500000000000002,4,88,0.7633,12.766
400,0.0,4,0,0.0,17.0213
400,0.025,4,35,0.0,17.0213
400,0.05,4,51,0.09,17.0213
400,0.07500000000000001,4,65,0.2425,17.0213
400,0.1,4,79,0.51,17.0213
400,0.125,4,85,0.65,17.0213
400,0.15000000000000002,4,86,0.705,17.0213
400,0.17500000000000002,4,92,0.9225,17.0213
500,0.0,4,0,0.0,21.2766
500,0.025,4,33,0.0,21.2766
500,0.05,4,70,0.324,21.2766
500,0.07500000000000001,4,74,0.388,21.2766
500,0.1,4,85,0.664,21.2766
500,0.125,4,87,0.75,21.2766
500,0.15000000000000002,4,91,0.872,21.2766
500,0.17500000000000002,4,91,0.88,21.2766
600,0.0,4,0,0.0,25.5319
600,0.025,4,43,0.045,25.5319
600,0.05,4,64,0.24,25.5319
600,0.07500000000000001,4,82,0.58,25.5319
600,0.1,4,87,0.7233,25.5319
600,0.125,4,89,0.8133,25.5319
600,0.15000000000000002,4,94,1.0,25.5319
600,0.17500000000000002,4,94,1.0,25.5319
700,0.0,4,0,0.0,29.7872
700,0.025,4,46,0.0729,29.7872
700,0.05,4,70,0.3286,29.7872
700,0.07500000000000001,4,85,0.6657,29.7872
700,0.1,4,87,0.7286,29.7872
700,0.125,4,91,0.8829,29.7872
700,0.15000000000000002,4,94,1.0,29.7872
700,0.17500000000000002,4,93,0.9571,29.7872
800,0.0,4,0,0.0,34.0426
800,0.025,4,55,0.1412,34.0426
800,0.05,4,81,0.5775,34.0426
800,0.07500000000000001,4,89,0.795,34.0426
800,0.1,4,92,0.9175,34.0426
800,0.125,4,92,0.9138,34.0426
800,0.15000000000000002,4,93,0.9562,34.0426
800,0.17500000000000002,4,93,0.965,34.0426
900,0.0,4,0,0.0,38.2979
900,0.025,4,58,0.1456,38.2979
900,0.05,4,81,0.5544,38.2979
900,0.07500000000000001,4,91,0.8733,38.2979
900,0.1,4,93,0.9589,38.2979
900,0.125,4,94,1.0,38.2979
900,0.15000000000000002,4,94,1.0,38.2979
900,0.17500000000000002,4,94,1.0,38.2979
100,0.0,4,0,0.0,4.2553
100,0.025,4,7,0.0,4.2553
100,0.05,4,19,0.0,4.2553
100,0.07500000000000001,4,26,0.0,4.2553
100,0.1,4,34,0.0,4.2553
100,0.125,4,41,0.0,4.2553
100,0.15000000000000002,4,45,0.0,4.2553
100,0.17500000000000002,4,51,0.0,4.2553
200,0.0,4,0,0.0,8.5106
200,0.025,4,18,0.0,8.5106
200,0.05,4,32,0.0,8.5106
200,0.07500000000000001,4,50,0.0,8.5106
200,0.1,4,58,0.15,8.5106
200,0.125,4,60,0.125,8.5106
200,0.15000000000000002,4,71,0.345,8.5106
200,0.17500000000000002,4,79,0.52,8.5106
300,0.0,4,0,0.0,12.766
300,0.025,4,24,0.0,12.766
300,0.05,4,50,0.1,12.766
300,0.07500000000000001,4,52,0.0,12.766
300,0.1,4,73,0.38,12.766
300,0.125,4,76,0.4433,12.766
300,0.15000000000000002,4,83,0.63,12.766
300,0.17500000000000002,4,87,0.73,12.766
400,0.0,4,0,0.0,17.0213
400,0.025,4,34,0.0,17.0213
400,0.05,4,45,0.0,17.0213
400,0.07500000000000001,4,69,0.305,17.0213
400,0.1,4,73,0.38,17.0213
400,0.125,4,82,0.6,17.0213
400,0.15000000000000002,4,88,0.7775,17.0213
400,0.17500000000000002,4,91,0.89,17.0213
500,0.0,4,0,0.0,21.2766
500,0.025,4,38,0.0,21.2766
500,0.05,4,65,0.242,21.2766
500,0.07500000000000001,4,78,0.504,21.2766
500,0.1,4,86,0.69,21.2766
500,0.125,4,86,0.712,21.2766
500,0.15000000000000002,4,90,0.852,21.2766
500,0.17500000000000002,4,92,0.922,21.2766
600,0.0,4,0,0.0,25.5319
600,0.025,4,48,0.0833,25.5319
600,0.05,4,67,0.2767,25.5319
600,0.07500000000000001,4,83,0.5967,25.5319
600,0.1,4,92,0.915,25.5319
600,0.125,4,92,0.9167,25.5319
600,0.15000000000000002,4,92,0.9133,25.5319
600,0.17500000000000002,4,93,0.9567,25.5319
700,0.0,4,0,0.0,29.7872
700,0.025,4,48,0.0871,29.7872
700,0.05,4,74,0.4057,29.7872
700,0.07500000000000001,4,84,0.6329,29.7872
700,0.1,4,93,0.9571,29.7872
700,0.125,4,93,0.9571,29.7872
700,0.15000000000000002,4,93,0.9571,29.7872
700,0.17500000000000002,4,94,1.0,29.7872
800,0.0,4,0,0.0,34.0426
800,0.025,4,60,0.165,34.0426
800,0.05,4,77,0.4538,34.0426
800,0.07500000000000001,4,84,0.6525,34.0426
800,0.1,4,90,0.8388,34.0426
800,0.125,4,93,0.9562,34.0426
800,0.15000000000000002,4,93,0.9562,34.0426
800,0.17500000000000002,4,94,1.0,34.0426
900,0.0,4,0,0.0,38.2979
900,0.025,4,60,0.1744,38.2979
900,0.05,4,81,0.5544,38.2979
900,0.07500000000000001,4,89,0.8078,38.2979
900,0.1,4,92,0.9133,38.2979
900,0.125,4,94,1.0,38.2979
900,0.15000000000000002,4,94,1.0,38.2979
900,0.17500000000000002,4,94,1.0,38.2979
100,0.0,4,0,0.0,4.2553
100,0.025,4,8,0.0,4.2553
100,0.05,4,17,0.0,4.2553
100,0.07500000000000001,4,25,0.0,4.2553
100,0.1,4,35,0.0,4.2553
100,0.125,4,41,0.0,4.2553
100,0.15000000000000002,4,42,0.0,4.2553
100,0.17500000000000002,4,54,0.0,4.2553
200,0.0,4,0,0.0,8.5106
200,0.025,4,16,0.0,8.5106
200,0.05,4,32,0.0,8.5106
200,0.07500000000000001,4,46,0.0,8.5106
200,0.1,4,61,0.0,8.5106
200,0.125,4,69,0.315,8.5106
200,0.15000000000000002,4,68,0.27,8.5106
200,0.17500000000000002,4,70,0.34,8.5106
300,0.0,4,0,0.0,12.766
300,0.025,4,25,0.0,12.766
300,0.05,4,47,0.0,12.766
300,0.07500000000000001,4,56,0.14,12.766
300,0.1,4,65,0.2533,12.766
300,0.125,4,78,0.4933,12.766
300,0.15000000000000002,4,80,0.5133,12.766
300,0.17500000000000002,4,90,0.8367,12.766
400,0.0,4,0,0.0,17.0213
400,0.025,4,32,0.0,17.0213
400,0.05,4,56,0.155,17.0213
400,0.07500000000000001,4,66,0.2725,17.0213
400,0.1,4,79,0.535,17.0213
400,0.125,4,81,0.59,17.0213
400,0.15000000000000002,4,88,0.78,17.0213
400,0.17500000000000002,4,91,0.89,17.0213
500,0.0,4,0,0.0,21.2766
500,0.025,4,37,0.0,21.2766
500,0.05,4,60,0.17,21.2766
500,0.07500000000000001,4,75,0.406,21.2766
500,0.1,4,86,0.696,21.2766
500,0.125,4,86,0.698,21.2766
500,0.15000000000000002,4,90,0.848,21.2766
500,0.17500000000000002,4,93,0.956,21.2766
600,0.0,4,0,0.0,25.5319
600,0.025,4,47,0.055,25.5319
600,0.05,4,75,0.4067,25.5319
600,0.07500000000000001,4,79,0.5167,25.5319
600,0.1,4,86,0.7133,25.5319
600,0.125,4,90,0.8567,25.5319
600,0.15000000000000002,4,94,1.0,25.5319
600,0.17500000000000002,4,94,1.0,25.5319
700,0.0,4,0,0.0,29.7872
700,0.025,4,50,0.1014,29.7872
700,0.05,4,76,0.4343,29.7872
700,0.07500000000000001,4,83,0.6057,29.7872
700,0.1,4,92,0.9143,29.7872
700,0.125,4,92,0.9143,29.7872
700,0.15000000000000002,4,92,0.92,29.7872
700,0.17500000000000002,4,94,1.0,29.7872
800,0.0,4,0,0.0,34.0426
800,0.025,4,51,0.095,34.0426
800,0.05,4,74,0.3875,34.0426
800,0.07500000000000001,4,90,0.8388,34.0426
800,0.1,4,93,0.96,34.0426
800,0.125,4,93,0.9562,34.0426
800,0.15000000000000002,4,94,1.0,34.0426
800,0.17500000000000002,4,94,1.0,34.0426
900,0.0,4,0,0.0,38.2979
900,0.025,4,54,0.1211,38.2979
900,0.05,4,82,0.5822,38.2979
900,0.07500000000000001,4,89,0.8222,38.2979
900,0.1,4,92,0.9144,38.2979
900,0.125,4,94,1.0,38.2979
900,0.15000000000000002,4,94,1.0,38.2979
900,0.17500000000000002,4,94,1.0,38.2979
100,0.0,4,0,0.0,4.2553
100,0.025,4,8,0.0,4.2553
100,0.05,4,19,0.0,4.2553
100,0.07500000000000001,4,24,0.0,4.2553
100,0.1,4,31,0.0,4.2553
100,0.125,4,37,0.0,4.2553
100,0.15000000000000002,4,46,0.0,4.2553
100,0.17500000000000002,4,49,0.0,4.2553
200,0.0,4,0,0.0,8.5106
200,0.025,4,19,0.0,8.5106
200,0.05,4,30,0.0,8.5106
200,0.07500000000000001,4,43,0.0,8.5106
200,0.1,4,57,0.0,8.5106
200,0.125,4,64,0.0,8.5106
200,0.15000000000000002,4,72,0.315,8.5106
200,0.17500000000000002,4,70,0.36,8.5106
300,0.0,4,0,0.0,12.766
300,0.025,4,23,0.0,12.766
300,0.05,4,48,0.0,12.766
300,0.07500000000000001,4,59,0.2133,12.766
300,0.1,4,70,0.3167,12.766
300,0.125,4,72,0.3633,12.766
300,0.15000000000000002,4,83,0.6167,12.766
300,0.17500000000000002,4,87,0.7233,12.766
400,0.0,4,0,0.0,17.0213
400,0.025,4,30,0.0,17.0213
400,0.05,4,57,0.145,17.0213
400,0.07500000000000001,4,69,0.32,17.0213
400,0.1,4,82,0.575,17.0213
400,0.125,4,81,0.58,17.0213
400,0.15000000000000002,4,90,0.845,17.0213
400,0.17500000000000002,4,90,0.8375,17.0213
500,0.0,4,0,0.0,21.2766
500,0.025,4,40,0.0,21.2766
500,0.05,4,64,0.25,21.2766
500,0.07500000000000001,4,83,0.628,21.2766
500,0.1,4,82,0.568,21.2766
500,0.125,4,90,0.838,21.2766
500,0.15000000000000002,4,91,0.874,21.2766
500,0.17500000000000002,4,92,0.932,21.2766
600,0.0,4,0,0.0,25.5319
600,0.025,4,44,0.065,25.5319
600,0.05,4,71,0.335,25.5319
600,0.07500000000000001,4,83,0.6183,25.5319
600,0.1,4,86,0.71,25.5319
600,0.125,4,92,0.9183,25.5319
600,0.15000000000000002,4,94,1.0,25.5319
600,0.17500000000000002,4,93,0.9567,25.5319
700,0.0,4,0,0.0,29.7872
700,0.025,4,51,0.1,29.7872
700,0.05,4,71,0.3386,29.7872
700,0.07500000000000001,4,86,0.6986,29.7872
700,0.1,4,92,0.9157,29.7872
700,0.125,4,93,0.9571,29.7872
700,0.15000000000000002,4,93,0.9571,29.7872
700,0.17500000000000002,4,94,1.0,29.7872
800,0.0,4,0,0.0,34.0426
800,0.025,4,56,0.1312,34.0426
800,0.05,4,77,0.4625,34.0426
800,0.07500000000000001,4,87,0.7262,34.0426
800,0.1,4,90,0.8375,34.0426
800,0.125,4,94,1.0,34.0426
800,0.15000000000000002,4,93,0.9562,34.0426
800,0.17500000000000002,4,94,1.0,34.0426
900,0.0,4,0,0.0,38.2979
900,0.025,4,58,0.1567,38.2979
900,0.05,4,83,0.6078,38.2979
900,0.07500000000000001,4,88,0.7822,38.2979
900,0.1,4,93,0.9567,38.2979
900,0.125,4,93,0.9567,38.2979
900,0.15000000000000002,4,94,1.0,38.2979
900,0.17500000000000002,4,94,1.0,38.2979
100,0.0,4,0,0.0,4.2553
100,0.025,4,8,0.0,4.2553
100,0.05,4,20,0.0,4.2553
100,0.07500000000000001,4,22,0.0,4.2553
100,0.1,4,33,0.0,4.2553
100,0.125,4,40,0.0,4.2553
100,0.15000000000000002,4,45,0.0,4.2553
100,0.17500000000000002,4,48,0.0,4.2553
200,0.0,4,0,0.0,8.5106
200,0.025,4,20,0.0,8.5106
200,0.05,4,35,0.0,8.5106
200,0.07500000000000001,4,49,0.0,8.5106
200,0.1,4,58,0.0,8.5106
200,0.125,4,69,0.315,8.5106
200,0.15000000000000002,4,73,0.355,8.5106
200,0.17500000000000002,4,78,0.5,8.5106
300,0.0,4,0,0.0,12.766
300,0.025,4,24,0.0,12.766
300,0.05,4,42,0.0,12.766
300,0.07500000000000001,4,57,0.1767,12.766
300,0.1,4,74,0.41,12.766
300,0.125,4,73,0.36,12.766
300,0.15000000000000002,4,83,0.6333,12.766
300,0.17500000000000002,4,87,0.72,12.766
400,0.0,4,0,0.0,17.0213
400,0.025,4,30,0.0,17.0213
400,0.05,4,56,0.165,17.0213
400,0.07500000000000001,4,70,0.3075,17.0213
400,0.1,4,81,0.5375,17.0213
400,0.125,4,85,0.685,17.0213
400,0.15000000000000002,4,88,0.785,17.0213
400,0.17500000000000002,4,90,0.8575,17.0213
500,0.0,4,0,0.0,21.2766
500,0.025,4,39,0.0,21.2766
500,0.05,4,64,0.236,21.2766
500,0.07500000000000001,4,77,0.462,21.2766
500,0.1,4,87,0.742,21.2766
500,0.125,4,89,0.806,21.2766
500,0.15000000000000002,4,90,0.842,21.2766
500,0.17500000000000002,4,91,0.87,21.2766
600,0.0,4,0,0.0,25.5319
600,0.025,4,46,0.0767,25.5319
600,0.05,4,74,0.4067,25.5319
600,0.07500000000000001,4,85,0.67,25.5319
600,0.1,4,87,0.7383,25.5319
600,0.125,4,92,0.915,25.5319
600,0.15000000000000002,4,92,0.9133,25.5319
600,0.17500000000000002,4,94,1.0,25.5319
700,0.0,4,0,0.0,29.7872
700,0.025,4,53,0.1157,29.7872
700,0.05,4,75,0.4,29.7872
700,0.07500000000000001,4,90,0.8386,29.7872
700,0.1,4,90,0.8329,29.7872
700,0.125,4,94,1.0,29.7872
700,0.15000000000000002,4,93,0.9571,29.7872
700,0.17500000000000002,4,94,1.0,29.7872
800,0.0,4,0,0.0,34.0426
800,0.025,4,52,0.0975,34.0426
800,0.05,4,85,0.6675,34.0426
800,0.07500000000000001,4,89,0.7938,34.0426
800,0.1,4,91,0.875,34.0426
800,0.125,4,93,0.9562,34.0426
800,0.15000000000000002,4,94,1.0,34.0426
800,0.17500000000000002,4,94,1.0,34.0426
900,0.0,4,0,0.0,38.2979
900,0.025,4,62,0.2033,38.2979
900,0.05,4,84,0.6244,38.2979
900,0.07500000000000001,4,91,0.8822,38.2979
900,0.1,4,93,0.9567,38.2979
900,0.125,4,93,0.9567,38.2979
900,0.15000000000000002,4,94,1.0,38.2979
900,0.17500000000000002,4,94,1.0,38.2979
100,0.0,4,0,0.0,4.2553
100,0.025,4,8,0.0,4.2553
100,0.05,4,20,0.0,4.2553
100,0.07500000000000001,4,26,0.0,4.2553
100,0.1,4,37,0.0,4.2553
100,0.125,4,39,0.0,4.2553
100,0.15000000000000002,4,48,0.0,4.2553
100,0.17500000000000002,4,51,0.0,4.2553
200,0.0,4,0,0.0,8.5106
200,0.025,4,19,0.0,8.5106
200,0.05,4,33,0.0,8.5106
200,0.07500000000000001,4,47,0.0,8.5106
200,0.1,4,59,0.0,8.5106
200,0.125,4,61,0.18,8.5106
200,0.15000000000000002,4,70,0.32,8.5106
200,0.17500000000000002,4,72,0.44,8.5106
300,0.0,4,0,0.0,12.766
300,0.025,4,25,0.0,12.766
300,0.05,4,50,0.1033,12.766
300,0.07500000000000001,4,65,0.2267,12.766
300,0.1,4,70,0.3567,12.766
300,0.125,4,77,0.4733,12.766
300,0.15000000000000002,4,84,0.6567,12.766
300,0.17500000000000002,4,80,0.5567,12.766
400,0.0,4,0,0.0,17.0213
400,0.025,4,33,0.0,17.0213
400,0.05,4,54,0.1225,17.0213
400,0.07500000000000001,4,66,0.305,17.0213
400,0.1,4,78,0.48,17.0213
400,0.125,4,81,0.5825,17.0213
400,0.15000000000000002,4,87,0.735,17.0213
400,0.17500000000000002,4,91,0.885,17.0213
500,0.0,4,0,0.0,21.2766
500,0.025,4,41,0.0,21.2766
500,0.05,4,65,0.234,21.2766
500,0.07500000000000001,4,76,0.458,21.2766
500,0.1,4,84,0.646,21.2766
500,0.125,4,88,0.772,21.2766
500,0.15000000000000002,4,89,0.81,21.2766
500,0.17500000000000002,4,92,0.932,21.2766
600,0.0,4,0,0.0,25.5319
600,0.025,4,45,0.0783,25.5319
600,0.05,4,66,0.2683,25.5319
600,0.07500000000000001,4,84,0.64,25.5319
600,0.1,4,85,0.665,25.5319
600,0.125,4,92,0.9167,25.5319
600,0.15000000000000002,4,92,0.9267,25.5319
600,0.17500000000000002,4,94,1.0,25.5319
700,0.0,4,0,0.0,29.7872
700,0.025,4,53,0.1086,29.7872
700,0.05,4,75,0.4057,29.7872
700,0.07500000000000001,4,83,0.5957,29.7872
700,0.1,4,90,0.84,29.7872
700,0.125,4,94,1.0,29.7872
700,0.15000000000000002,4,93,0.9571,29.7872
700,0.17500000000000002,4,94,1.0,29.7872
800,0.0,4,0,0.0,34.0426
800,0.025,4,54,0.115,34.0426
800,0.05,4,81,0.5675,34.0426
800,0.07500000000000001,4,88,0.7625,34.0426
800,0.1,4,93,0.9588,34.0426
800,0.125,4,92,0.9138,34.0426
800,0.15000000000000002,4,93,0.965,34.0426
800,0.17500000000000002,4,94,1.0,34.0426
900,0.0,4,0,0.0,38.2979
900,0.025,4,57,0.1433,38.2979
900,0.05,4,79,0.5011,38.2979
900,0.07500000000000001,4,87,0.7356,38.2979
900,0.1,4,91,0.8811,38.2979
900,0.125,4,94,1.0,38.2979
900,0.15000000000000002,4,92,0.9144,38.2979
900,0.17500000000000002,4,93,0.9567,38.2979
